<?xml version="1.0" encoding="UTF-8" standalone="no" ?>
<gpx xmlns="http://www.topografix.com/GPX/1/1" creator="http://nakarte.me" xmlns:xsi="http://www.w3.org/2001/XMLSchema-instance" xsi:schemaLocation="http://www.topografix.com/GPX/1/1 http://www.topografix.com/GPX/1/1/gpx.xsd" version="1.1">
	<metadata>
		<time>2026-06-01T13:33:45.096Z</time>
	</metadata>
	<wpt lat="54.007333" lon="27.466766">
		<name>Магазин (9-21)</name>
	</wpt>
	<wpt lat="54.108292" lon="27.465414">
		<name>Магазин (9-21)</name>
	</wpt>
	<wpt lat="54.303857" lon="27.228607">
		<name>Магазин (9-21)</name>
	</wpt>
	<wpt lat="54.421488" lon="27.296070">
		<name>Магазин (8-21)</name>
	</wpt>
	<wpt lat="54.417518" lon="27.295212">
		<name>Магазин</name>
	</wpt>
	<wpt lat="54.418162" lon="27.295491">
		<name>Магазин</name>
	</wpt>
	<wpt lat="54.452859" lon="27.290963">
		<name>Руины винокурни и хозпостроек усадьбы Богдановичей</name>
	</wpt>
	<wpt lat="54.451979" lon="27.285148">
		<name>Магазин</name>
	</wpt>
	<wpt lat="54.419943" lon="27.166809">
		<name>Магазин (8-21)</name>
	</wpt>
	<wpt lat="54.420479" lon="27.164706">
		<name>Магазин (8-19.30)</name>
	</wpt>
	<wpt lat="54.412068" lon="27.180778">
		<name>Крыница</name>
	</wpt>
	<wpt lat="54.170562" lon="27.211656">
		<name>АЗС (24/7)</name>
	</wpt>
	<wpt lat="54.094709" lon="27.089304">
		<name>Руины костела Вознесения Девы Марии</name>
	</wpt>
	<wpt lat="54.093915" lon="27.097415">
		<name>Магазин (10-22)</name>
	</wpt>
	<wpt lat="54.091619" lon="27.093810">
		<name>Магазин (9-21)</name>
	</wpt>
	<wpt lat="54.086212" lon="27.088489">
		<name>Бровар-винокурня</name>
	</wpt>
	<wpt lat="54.020637" lon="27.115804">
		<name>Колодец</name>
	</wpt>
	<wpt lat="54.040721" lon="27.305083">
		<name>Магазин (9-21)</name>
	</wpt>
	<wpt lat="54.032868" lon="27.227813">
		<name>Магазин (9-20)</name>
	</wpt>
	<trk>
		<name>Kamni_2026_200_counter_clockwise</name>
		<trkseg>
			<trkpt lat="53.974503" lon="27.417113"><time>1970-01-01T00:00:01.000Z</time></trkpt>
			<trkpt lat="53.974567" lon="27.416984"><time>1970-01-01T00:00:01.000Z</time></trkpt>
			<trkpt lat="53.973130" lon="27.420353"><time>1970-01-01T00:00:01.000Z</time></trkpt>
			<trkpt lat="53.972829" lon="27.421254"><time>1970-01-01T00:00:01.000Z</time></trkpt>
			<trkpt lat="53.972636" lon="27.421340"><time>1970-01-01T00:00:01.000Z</time></trkpt>
			<trkpt lat="53.972529" lon="27.421297"><time>1970-01-01T00:00:01.000Z</time></trkpt>
			<trkpt lat="53.972121" lon="27.420890"><time>1970-01-01T00:00:01.000Z</time></trkpt>
			<trkpt lat="53.971821" lon="27.420718"><time>1970-01-01T00:00:01.000Z</time></trkpt>
			<trkpt lat="53.971585" lon="27.420654"><time>1970-01-01T00:00:01.000Z</time></trkpt>
			<trkpt lat="53.971434" lon="27.420718"><time>1970-01-01T00:00:01.000Z</time></trkpt>
			<trkpt lat="53.971306" lon="27.420868"><time>1970-01-01T00:00:01.000Z</time></trkpt>
			<trkpt lat="53.971241" lon="27.421126"><time>1970-01-01T00:00:01.000Z</time></trkpt>
			<trkpt lat="53.971241" lon="27.422971"><time>1970-01-01T00:00:01.000Z</time></trkpt>
			<trkpt lat="53.971198" lon="27.423186"><time>1970-01-01T00:00:01.000Z</time></trkpt>
			<trkpt lat="53.971134" lon="27.423271"><time>1970-01-01T00:00:01.000Z</time></trkpt>
			<trkpt lat="53.971048" lon="27.423336"><time>1970-01-01T00:00:01.000Z</time></trkpt>
			<trkpt lat="53.970319" lon="27.423357"><time>1970-01-01T00:00:01.000Z</time></trkpt>
			<trkpt lat="53.970297" lon="27.423293"><time>1970-01-01T00:00:01.000Z</time></trkpt>
			<trkpt lat="53.970941" lon="27.423293"><time>1970-01-01T00:00:01.000Z</time></trkpt>
			<trkpt lat="53.969139" lon="27.423357"><time>1970-01-01T00:00:01.000Z</time></trkpt>
			<trkpt lat="53.968688" lon="27.423336"><time>1970-01-01T00:00:01.000Z</time></trkpt>
			<trkpt lat="53.968559" lon="27.423293"><time>1970-01-01T00:00:01.000Z</time></trkpt>
			<trkpt lat="53.968538" lon="27.423572"><time>1970-01-01T00:00:01.000Z</time></trkpt>
			<trkpt lat="53.968302" lon="27.423958"><time>1970-01-01T00:00:01.000Z</time></trkpt>
			<trkpt lat="53.968173" lon="27.423958"><time>1970-01-01T00:00:01.000Z</time></trkpt>
			<trkpt lat="53.968151" lon="27.424258"><time>1970-01-01T00:00:01.000Z</time></trkpt>
			<trkpt lat="53.968345" lon="27.428014"><time>1970-01-01T00:00:01.000Z</time></trkpt>
			<trkpt lat="53.968473" lon="27.429043"><time>1970-01-01T00:00:01.000Z</time></trkpt>
			<trkpt lat="53.968495" lon="27.429558"><time>1970-01-01T00:00:01.000Z</time></trkpt>
			<trkpt lat="53.968538" lon="27.429494"><time>1970-01-01T00:00:01.000Z</time></trkpt>
			<trkpt lat="53.968495" lon="27.429558"><time>1970-01-01T00:00:01.000Z</time></trkpt>
			<trkpt lat="53.968087" lon="27.431490"><time>1970-01-01T00:00:01.000Z</time></trkpt>
			<trkpt lat="53.967400" lon="27.433807"><time>1970-01-01T00:00:01.000Z</time></trkpt>
			<trkpt lat="53.967164" lon="27.434794"><time>1970-01-01T00:00:01.000Z</time></trkpt>
			<trkpt lat="53.967164" lon="27.437069"><time>1970-01-01T00:00:01.000Z</time></trkpt>
			<trkpt lat="53.967057" lon="27.438699"><time>1970-01-01T00:00:01.000Z</time></trkpt>
			<trkpt lat="53.966885" lon="27.439536"><time>1970-01-01T00:00:01.000Z</time></trkpt>
			<trkpt lat="53.966456" lon="27.441274"><time>1970-01-01T00:00:01.000Z</time></trkpt>
			<trkpt lat="53.966521" lon="27.441918"><time>1970-01-01T00:00:01.000Z</time></trkpt>
			<trkpt lat="53.966950" lon="27.442927"><time>1970-01-01T00:00:01.000Z</time></trkpt>
			<trkpt lat="53.967486" lon="27.443656"><time>1970-01-01T00:00:01.000Z</time></trkpt>
			<trkpt lat="53.967701" lon="27.443892"><time>1970-01-01T00:00:01.000Z</time></trkpt>
			<trkpt lat="53.968516" lon="27.444557"><time>1970-01-01T00:00:01.000Z</time></trkpt>
			<trkpt lat="53.969074" lon="27.444879"><time>1970-01-01T00:00:01.000Z</time></trkpt>
			<trkpt lat="53.969353" lon="27.444987"><time>1970-01-01T00:00:01.000Z</time></trkpt>
			<trkpt lat="53.969761" lon="27.445008"><time>1970-01-01T00:00:01.000Z</time></trkpt>
			<trkpt lat="53.970962" lon="27.444965"><time>1970-01-01T00:00:01.000Z</time></trkpt>
			<trkpt lat="53.972765" lon="27.445158"><time>1970-01-01T00:00:01.000Z</time></trkpt>
			<trkpt lat="53.973537" lon="27.445416"><time>1970-01-01T00:00:01.000Z</time></trkpt>
			<trkpt lat="53.973966" lon="27.445673"><time>1970-01-01T00:00:01.000Z</time></trkpt>
			<trkpt lat="53.974310" lon="27.446145"><time>1970-01-01T00:00:01.000Z</time></trkpt>
			<trkpt lat="53.974481" lon="27.447240"><time>1970-01-01T00:00:01.000Z</time></trkpt>
			<trkpt lat="53.974760" lon="27.447690"><time>1970-01-01T00:00:01.000Z</time></trkpt>
			<trkpt lat="53.975018" lon="27.448270"><time>1970-01-01T00:00:01.000Z</time></trkpt>
			<trkpt lat="53.975275" lon="27.448591"><time>1970-01-01T00:00:01.000Z</time></trkpt>
			<trkpt lat="53.975983" lon="27.451402"><time>1970-01-01T00:00:01.000Z</time></trkpt>
			<trkpt lat="53.976155" lon="27.451531"><time>1970-01-01T00:00:01.000Z</time></trkpt>
			<trkpt lat="53.976348" lon="27.451960"><time>1970-01-01T00:00:01.000Z</time></trkpt>
			<trkpt lat="53.976541" lon="27.452175"><time>1970-01-01T00:00:01.000Z</time></trkpt>
			<trkpt lat="53.976799" lon="27.452261"><time>1970-01-01T00:00:01.000Z</time></trkpt>
			<trkpt lat="53.976906" lon="27.452711"><time>1970-01-01T00:00:01.000Z</time></trkpt>
			<trkpt lat="53.977207" lon="27.452497"><time>1970-01-01T00:00:01.000Z</time></trkpt>
			<trkpt lat="53.977636" lon="27.451982"><time>1970-01-01T00:00:01.000Z</time></trkpt>
			<trkpt lat="53.977829" lon="27.451939"><time>1970-01-01T00:00:01.000Z</time></trkpt>
			<trkpt lat="53.977915" lon="27.452025"><time>1970-01-01T00:00:01.000Z</time></trkpt>
			<trkpt lat="53.977829" lon="27.452325"><time>1970-01-01T00:00:01.000Z</time></trkpt>
			<trkpt lat="53.977872" lon="27.452347"><time>1970-01-01T00:00:01.000Z</time></trkpt>
			<trkpt lat="53.978001" lon="27.452132"><time>1970-01-01T00:00:01.000Z</time></trkpt>
			<trkpt lat="53.978065" lon="27.452068"><time>1970-01-01T00:00:01.000Z</time></trkpt>
			<trkpt lat="53.978129" lon="27.452068"><time>1970-01-01T00:00:01.000Z</time></trkpt>
			<trkpt lat="53.978408" lon="27.452432"><time>1970-01-01T00:00:01.000Z</time></trkpt>
			<trkpt lat="53.978859" lon="27.452797"><time>1970-01-01T00:00:01.000Z</time></trkpt>
			<trkpt lat="53.979052" lon="27.453012"><time>1970-01-01T00:00:01.000Z</time></trkpt>
			<trkpt lat="53.979288" lon="27.453376"><time>1970-01-01T00:00:01.000Z</time></trkpt>
			<trkpt lat="53.979653" lon="27.454149"><time>1970-01-01T00:00:01.000Z</time></trkpt>
			<trkpt lat="53.980339" lon="27.456381"><time>1970-01-01T00:00:01.000Z</time></trkpt>
			<trkpt lat="53.980811" lon="27.457732"><time>1970-01-01T00:00:01.000Z</time></trkpt>
			<trkpt lat="53.981219" lon="27.459127"><time>1970-01-01T00:00:01.000Z</time></trkpt>
			<trkpt lat="53.981198" lon="27.459320"><time>1970-01-01T00:00:01.000Z</time></trkpt>
			<trkpt lat="53.981090" lon="27.459664"><time>1970-01-01T00:00:01.000Z</time></trkpt>
			<trkpt lat="53.980618" lon="27.460307"><time>1970-01-01T00:00:01.000Z</time></trkpt>
			<trkpt lat="53.980575" lon="27.460479"><time>1970-01-01T00:00:01.000Z</time></trkpt>
			<trkpt lat="53.980640" lon="27.461273"><time>1970-01-01T00:00:01.000Z</time></trkpt>
			<trkpt lat="53.980575" lon="27.462088"><time>1970-01-01T00:00:01.000Z</time></trkpt>
			<trkpt lat="53.980575" lon="27.465049"><time>1970-01-01T00:00:01.000Z</time></trkpt>
			<trkpt lat="53.980447" lon="27.466294"><time>1970-01-01T00:00:01.000Z</time></trkpt>
			<trkpt lat="53.980554" lon="27.467560"><time>1970-01-01T00:00:01.000Z</time></trkpt>
			<trkpt lat="53.980747" lon="27.468697"><time>1970-01-01T00:00:01.000Z</time></trkpt>
			<trkpt lat="53.980833" lon="27.469920"><time>1970-01-01T00:00:01.000Z</time></trkpt>
			<trkpt lat="53.980940" lon="27.470350"><time>1970-01-01T00:00:01.000Z</time></trkpt>
			<trkpt lat="53.981241" lon="27.471015"><time>1970-01-01T00:00:01.000Z</time></trkpt>
			<trkpt lat="53.982507" lon="27.472731"><time>1970-01-01T00:00:01.000Z</time></trkpt>
			<trkpt lat="53.982807" lon="27.473268"><time>1970-01-01T00:00:01.000Z</time></trkpt>
			<trkpt lat="53.983644" lon="27.475113"><time>1970-01-01T00:00:01.000Z</time></trkpt>
			<trkpt lat="53.984009" lon="27.475821"><time>1970-01-01T00:00:01.000Z</time></trkpt>
			<trkpt lat="53.984395" lon="27.476443"><time>1970-01-01T00:00:01.000Z</time></trkpt>
			<trkpt lat="53.984674" lon="27.476744"><time>1970-01-01T00:00:01.000Z</time></trkpt>
			<trkpt lat="53.986669" lon="27.478310"><time>1970-01-01T00:00:01.000Z</time></trkpt>
			<trkpt lat="53.986991" lon="27.478461"><time>1970-01-01T00:00:01.000Z</time></trkpt>
			<trkpt lat="53.987163" lon="27.478611"><time>1970-01-01T00:00:01.000Z</time></trkpt>
			<trkpt lat="53.987313" lon="27.478804"><time>1970-01-01T00:00:01.000Z</time></trkpt>
			<trkpt lat="53.987528" lon="27.479448"><time>1970-01-01T00:00:01.000Z</time></trkpt>
			<trkpt lat="53.987935" lon="27.480435"><time>1970-01-01T00:00:01.000Z</time></trkpt>
			<trkpt lat="53.988064" lon="27.480864"><time>1970-01-01T00:00:01.000Z</time></trkpt>
			<trkpt lat="53.988257" lon="27.481121"><time>1970-01-01T00:00:01.000Z</time></trkpt>
			<trkpt lat="53.988493" lon="27.481357"><time>1970-01-01T00:00:01.000Z</time></trkpt>
			<trkpt lat="53.988686" lon="27.481701"><time>1970-01-01T00:00:01.000Z</time></trkpt>
			<trkpt lat="53.988944" lon="27.481529"><time>1970-01-01T00:00:01.000Z</time></trkpt>
			<trkpt lat="53.989330" lon="27.481100"><time>1970-01-01T00:00:01.000Z</time></trkpt>
			<trkpt lat="53.989931" lon="27.480242"><time>1970-01-01T00:00:01.000Z</time></trkpt>
			<trkpt lat="53.990918" lon="27.479061"><time>1970-01-01T00:00:01.000Z</time></trkpt>
			<trkpt lat="53.991090" lon="27.478933"><time>1970-01-01T00:00:01.000Z</time></trkpt>
			<trkpt lat="53.991197" lon="27.478911"><time>1970-01-01T00:00:01.000Z</time></trkpt>
			<trkpt lat="53.991283" lon="27.478933"><time>1970-01-01T00:00:01.000Z</time></trkpt>
			<trkpt lat="53.991497" lon="27.478396"><time>1970-01-01T00:00:01.000Z</time></trkpt>
			<trkpt lat="53.991648" lon="27.478203"><time>1970-01-01T00:00:01.000Z</time></trkpt>
			<trkpt lat="53.996089" lon="27.472924"><time>1970-01-01T00:00:01.000Z</time></trkpt>
			<trkpt lat="53.997870" lon="27.471079"><time>1970-01-01T00:00:01.000Z</time></trkpt>
			<trkpt lat="53.998772" lon="27.470650"><time>1970-01-01T00:00:01.000Z</time></trkpt>
			<trkpt lat="54.002033" lon="27.469255"><time>1970-01-01T00:00:01.000Z</time></trkpt>
			<trkpt lat="54.004629" lon="27.468225"><time>1970-01-01T00:00:01.000Z</time></trkpt>
			<trkpt lat="54.007676" lon="27.466959"><time>1970-01-01T00:00:01.000Z</time></trkpt>
			<trkpt lat="54.009930" lon="27.466101"><time>1970-01-01T00:00:01.000Z</time></trkpt>
			<trkpt lat="54.012955" lon="27.464856"><time>1970-01-01T00:00:01.000Z</time></trkpt>
			<trkpt lat="54.015144" lon="27.464062"><time>1970-01-01T00:00:01.000Z</time></trkpt>
			<trkpt lat="54.017290" lon="27.463097"><time>1970-01-01T00:00:01.000Z</time></trkpt>
			<trkpt lat="54.017654" lon="27.462968"><time>1970-01-01T00:00:01.000Z</time></trkpt>
			<trkpt lat="54.019929" lon="27.462646"><time>1970-01-01T00:00:01.000Z</time></trkpt>
			<trkpt lat="54.025186" lon="27.461766"><time>1970-01-01T00:00:01.000Z</time></trkpt>
			<trkpt lat="54.026645" lon="27.461595"><time>1970-01-01T00:00:01.000Z</time></trkpt>
			<trkpt lat="54.030529" lon="27.461530"><time>1970-01-01T00:00:01.000Z</time></trkpt>
			<trkpt lat="54.039777" lon="27.461080"><time>1970-01-01T00:00:01.000Z</time></trkpt>
			<trkpt lat="54.043661" lon="27.460973"><time>1970-01-01T00:00:01.000Z</time></trkpt>
			<trkpt lat="54.046493" lon="27.460951"><time>1970-01-01T00:00:01.000Z</time></trkpt>
			<trkpt lat="54.048446" lon="27.460844"><time>1970-01-01T00:00:01.000Z</time></trkpt>
			<trkpt lat="54.052115" lon="27.460329"><time>1970-01-01T00:00:01.000Z</time></trkpt>
			<trkpt lat="54.054776" lon="27.459835"><time>1970-01-01T00:00:01.000Z</time></trkpt>
			<trkpt lat="54.055313" lon="27.459664"><time>1970-01-01T00:00:01.000Z</time></trkpt>
			<trkpt lat="54.056750" lon="27.458977"><time>1970-01-01T00:00:01.000Z</time></trkpt>
			<trkpt lat="54.059604" lon="27.457217"><time>1970-01-01T00:00:01.000Z</time></trkpt>
			<trkpt lat="54.060462" lon="27.456724"><time>1970-01-01T00:00:01.000Z</time></trkpt>
			<trkpt lat="54.065913" lon="27.454342"><time>1970-01-01T00:00:01.000Z</time></trkpt>
			<trkpt lat="54.066642" lon="27.453956"><time>1970-01-01T00:00:01.000Z</time></trkpt>
			<trkpt lat="54.066921" lon="27.453720"><time>1970-01-01T00:00:01.000Z</time></trkpt>
			<trkpt lat="54.070376" lon="27.451510"><time>1970-01-01T00:00:01.000Z</time></trkpt>
			<trkpt lat="54.073766" lon="27.449664"><time>1970-01-01T00:00:01.000Z</time></trkpt>
			<trkpt lat="54.074410" lon="27.449385"><time>1970-01-01T00:00:01.000Z</time></trkpt>
			<trkpt lat="54.075483" lon="27.449064"><time>1970-01-01T00:00:01.000Z</time></trkpt>
			<trkpt lat="54.077199" lon="27.448248"><time>1970-01-01T00:00:01.000Z</time></trkpt>
			<trkpt lat="54.080053" lon="27.446574"><time>1970-01-01T00:00:01.000Z</time></trkpt>
			<trkpt lat="54.081899" lon="27.445974"><time>1970-01-01T00:00:01.000Z</time></trkpt>
			<trkpt lat="54.083229" lon="27.446188"><time>1970-01-01T00:00:01.000Z</time></trkpt>
			<trkpt lat="54.086126" lon="27.445823"><time>1970-01-01T00:00:01.000Z</time></trkpt>
			<trkpt lat="54.086555" lon="27.445652"><time>1970-01-01T00:00:01.000Z</time></trkpt>
			<trkpt lat="54.086984" lon="27.445416"><time>1970-01-01T00:00:01.000Z</time></trkpt>
			<trkpt lat="54.088593" lon="27.444300"><time>1970-01-01T00:00:01.000Z</time></trkpt>
			<trkpt lat="54.089859" lon="27.444321"><time>1970-01-01T00:00:01.000Z</time></trkpt>
			<trkpt lat="54.090954" lon="27.444407"><time>1970-01-01T00:00:01.000Z</time></trkpt>
			<trkpt lat="54.090846" lon="27.446574"><time>1970-01-01T00:00:01.000Z</time></trkpt>
			<trkpt lat="54.090868" lon="27.448677"><time>1970-01-01T00:00:01.000Z</time></trkpt>
			<trkpt lat="54.090761" lon="27.449900"><time>1970-01-01T00:00:01.000Z</time></trkpt>
			<trkpt lat="54.090610" lon="27.450952"><time>1970-01-01T00:00:01.000Z</time></trkpt>
			<trkpt lat="54.090653" lon="27.451081"><time>1970-01-01T00:00:01.000Z</time></trkpt>
			<trkpt lat="54.090782" lon="27.451209"><time>1970-01-01T00:00:01.000Z</time></trkpt>
			<trkpt lat="54.093207" lon="27.452733"><time>1970-01-01T00:00:01.000Z</time></trkpt>
			<trkpt lat="54.094816" lon="27.453870"><time>1970-01-01T00:00:01.000Z</time></trkpt>
			<trkpt lat="54.097198" lon="27.455007"><time>1970-01-01T00:00:01.000Z</time></trkpt>
			<trkpt lat="54.097563" lon="27.455222"><time>1970-01-01T00:00:01.000Z</time></trkpt>
			<trkpt lat="54.097885" lon="27.455544"><time>1970-01-01T00:00:01.000Z</time></trkpt>
			<trkpt lat="54.098850" lon="27.456981"><time>1970-01-01T00:00:01.000Z</time></trkpt>
			<trkpt lat="54.100760" lon="27.459170"><time>1970-01-01T00:00:01.000Z</time></trkpt>
			<trkpt lat="54.101833" lon="27.460479"><time>1970-01-01T00:00:01.000Z</time></trkpt>
			<trkpt lat="54.102348" lon="27.461015"><time>1970-01-01T00:00:01.000Z</time></trkpt>
			<trkpt lat="54.102713" lon="27.461251"><time>1970-01-01T00:00:01.000Z</time></trkpt>
			<trkpt lat="54.102927" lon="27.461316"><time>1970-01-01T00:00:01.000Z</time></trkpt>
			<trkpt lat="54.103056" lon="27.461166"><time>1970-01-01T00:00:01.000Z</time></trkpt>
			<trkpt lat="54.103313" lon="27.460500"><time>1970-01-01T00:00:01.000Z</time></trkpt>
			<trkpt lat="54.103485" lon="27.460221"><time>1970-01-01T00:00:01.000Z</time></trkpt>
			<trkpt lat="54.103657" lon="27.460007"><time>1970-01-01T00:00:01.000Z</time></trkpt>
			<trkpt lat="54.104107" lon="27.459599"><time>1970-01-01T00:00:01.000Z</time></trkpt>
			<trkpt lat="54.104708" lon="27.459664"><time>1970-01-01T00:00:01.000Z</time></trkpt>
			<trkpt lat="54.105030" lon="27.459749"><time>1970-01-01T00:00:01.000Z</time></trkpt>
			<trkpt lat="54.105845" lon="27.460136"><time>1970-01-01T00:00:01.000Z</time></trkpt>
			<trkpt lat="54.106253" lon="27.460522"><time>1970-01-01T00:00:01.000Z</time></trkpt>
			<trkpt lat="54.107433" lon="27.461123"><time>1970-01-01T00:00:01.000Z</time></trkpt>
			<trkpt lat="54.107970" lon="27.461595"><time>1970-01-01T00:00:01.000Z</time></trkpt>
			<trkpt lat="54.108141" lon="27.461123"><time>1970-01-01T00:00:01.000Z</time></trkpt>
			<trkpt lat="54.111832" lon="27.462925"><time>1970-01-01T00:00:01.000Z</time></trkpt>
			<trkpt lat="54.113849" lon="27.463998"><time>1970-01-01T00:00:01.000Z</time></trkpt>
			<trkpt lat="54.114815" lon="27.464320"><time>1970-01-01T00:00:01.000Z</time></trkpt>
			<trkpt lat="54.115330" lon="27.464363"><time>1970-01-01T00:00:01.000Z</time></trkpt>
			<trkpt lat="54.116274" lon="27.464213"><time>1970-01-01T00:00:01.000Z</time></trkpt>
			<trkpt lat="54.119450" lon="27.463032"><time>1970-01-01T00:00:01.000Z</time></trkpt>
			<trkpt lat="54.120479" lon="27.462754"><time>1970-01-01T00:00:01.000Z</time></trkpt>
			<trkpt lat="54.120930" lon="27.462732"><time>1970-01-01T00:00:01.000Z</time></trkpt>
			<trkpt lat="54.124342" lon="27.462968"><time>1970-01-01T00:00:01.000Z</time></trkpt>
			<trkpt lat="54.125930" lon="27.463161"><time>1970-01-01T00:00:01.000Z</time></trkpt>
			<trkpt lat="54.126488" lon="27.463311"><time>1970-01-01T00:00:01.000Z</time></trkpt>
			<trkpt lat="54.126981" lon="27.463526"><time>1970-01-01T00:00:01.000Z</time></trkpt>
			<trkpt lat="54.127603" lon="27.460651"><time>1970-01-01T00:00:01.000Z</time></trkpt>
			<trkpt lat="54.127947" lon="27.459578"><time>1970-01-01T00:00:01.000Z</time></trkpt>
			<trkpt lat="54.132152" lon="27.449857"><time>1970-01-01T00:00:01.000Z</time></trkpt>
			<trkpt lat="54.135950" lon="27.444922"><time>1970-01-01T00:00:01.000Z</time></trkpt>
			<trkpt lat="54.136830" lon="27.443699"><time>1970-01-01T00:00:01.000Z</time></trkpt>
			<trkpt lat="54.137023" lon="27.443377"><time>1970-01-01T00:00:01.000Z</time></trkpt>
			<trkpt lat="54.137195" lon="27.442948"><time>1970-01-01T00:00:01.000Z</time></trkpt>
			<trkpt lat="54.137324" lon="27.442133"><time>1970-01-01T00:00:01.000Z</time></trkpt>
			<trkpt lat="54.137538" lon="27.442176"><time>1970-01-01T00:00:01.000Z</time></trkpt>
			<trkpt lat="54.140328" lon="27.443206"><time>1970-01-01T00:00:01.000Z</time></trkpt>
			<trkpt lat="54.140585" lon="27.443184"><time>1970-01-01T00:00:01.000Z</time></trkpt>
			<trkpt lat="54.140821" lon="27.443077"><time>1970-01-01T00:00:01.000Z</time></trkpt>
			<trkpt lat="54.142688" lon="27.441317"><time>1970-01-01T00:00:01.000Z</time></trkpt>
			<trkpt lat="54.146379" lon="27.438120"><time>1970-01-01T00:00:01.000Z</time></trkpt>
			<trkpt lat="54.150606" lon="27.434622"><time>1970-01-01T00:00:01.000Z</time></trkpt>
			<trkpt lat="54.151357" lon="27.433829"><time>1970-01-01T00:00:01.000Z</time></trkpt>
			<trkpt lat="54.151743" lon="27.433120"><time>1970-01-01T00:00:01.000Z</time></trkpt>
			<trkpt lat="54.151936" lon="27.432691"><time>1970-01-01T00:00:01.000Z</time></trkpt>
			<trkpt lat="54.153224" lon="27.429258"><time>1970-01-01T00:00:01.000Z</time></trkpt>
			<trkpt lat="54.154576" lon="27.426469"><time>1970-01-01T00:00:01.000Z</time></trkpt>
			<trkpt lat="54.155992" lon="27.423722"><time>1970-01-01T00:00:01.000Z</time></trkpt>
			<trkpt lat="54.157859" lon="27.419602"><time>1970-01-01T00:00:01.000Z</time></trkpt>
			<trkpt lat="54.158288" lon="27.418830"><time>1970-01-01T00:00:01.000Z</time></trkpt>
			<trkpt lat="54.159125" lon="27.417070"><time>1970-01-01T00:00:01.000Z</time></trkpt>
			<trkpt lat="54.159382" lon="27.416770"><time>1970-01-01T00:00:01.000Z</time></trkpt>
			<trkpt lat="54.159640" lon="27.416598"><time>1970-01-01T00:00:01.000Z</time></trkpt>
			<trkpt lat="54.160241" lon="27.416383"><time>1970-01-01T00:00:01.000Z</time></trkpt>
			<trkpt lat="54.160713" lon="27.416383"><time>1970-01-01T00:00:01.000Z</time></trkpt>
			<trkpt lat="54.161185" lon="27.416512"><time>1970-01-01T00:00:01.000Z</time></trkpt>
			<trkpt lat="54.165283" lon="27.418830"><time>1970-01-01T00:00:01.000Z</time></trkpt>
			<trkpt lat="54.165841" lon="27.420096"><time>1970-01-01T00:00:01.000Z</time></trkpt>
			<trkpt lat="54.166270" lon="27.421276"><time>1970-01-01T00:00:01.000Z</time></trkpt>
			<trkpt lat="54.166935" lon="27.422070"><time>1970-01-01T00:00:01.000Z</time></trkpt>
			<trkpt lat="54.168008" lon="27.424087"><time>1970-01-01T00:00:01.000Z</time></trkpt>
			<trkpt lat="54.168931" lon="27.426211"><time>1970-01-01T00:00:01.000Z</time></trkpt>
			<trkpt lat="54.169446" lon="27.427048"><time>1970-01-01T00:00:01.000Z</time></trkpt>
			<trkpt lat="54.169746" lon="27.427305"><time>1970-01-01T00:00:01.000Z</time></trkpt>
			<trkpt lat="54.169918" lon="27.427327"><time>1970-01-01T00:00:01.000Z</time></trkpt>
			<trkpt lat="54.170047" lon="27.427263"><time>1970-01-01T00:00:01.000Z</time></trkpt>
			<trkpt lat="54.170690" lon="27.426490"><time>1970-01-01T00:00:01.000Z</time></trkpt>
			<trkpt lat="54.171270" lon="27.425546"><time>1970-01-01T00:00:01.000Z</time></trkpt>
			<trkpt lat="54.172557" lon="27.423958"><time>1970-01-01T00:00:01.000Z</time></trkpt>
			<trkpt lat="54.173373" lon="27.422735"><time>1970-01-01T00:00:01.000Z</time></trkpt>
			<trkpt lat="54.174252" lon="27.421641"><time>1970-01-01T00:00:01.000Z</time></trkpt>
			<trkpt lat="54.175561" lon="27.419645"><time>1970-01-01T00:00:01.000Z</time></trkpt>
			<trkpt lat="54.175690" lon="27.419001"><time>1970-01-01T00:00:01.000Z</time></trkpt>
			<trkpt lat="54.176055" lon="27.418465"><time>1970-01-01T00:00:01.000Z</time></trkpt>
			<trkpt lat="54.176870" lon="27.417757"><time>1970-01-01T00:00:01.000Z</time></trkpt>
			<trkpt lat="54.177965" lon="27.419602"><time>1970-01-01T00:00:01.000Z</time></trkpt>
			<trkpt lat="54.178394" lon="27.420460"><time>1970-01-01T00:00:01.000Z</time></trkpt>
			<trkpt lat="54.178544" lon="27.420890"><time>1970-01-01T00:00:01.000Z</time></trkpt>
			<trkpt lat="54.178630" lon="27.421383"><time>1970-01-01T00:00:01.000Z</time></trkpt>
			<trkpt lat="54.178522" lon="27.422713"><time>1970-01-01T00:00:01.000Z</time></trkpt>
			<trkpt lat="54.179166" lon="27.424280"><time>1970-01-01T00:00:01.000Z</time></trkpt>
			<trkpt lat="54.179338" lon="27.424945"><time>1970-01-01T00:00:01.000Z</time></trkpt>
			<trkpt lat="54.179767" lon="27.425589"><time>1970-01-01T00:00:01.000Z</time></trkpt>
			<trkpt lat="54.180132" lon="27.425417"><time>1970-01-01T00:00:01.000Z</time></trkpt>
			<trkpt lat="54.180990" lon="27.425224"><time>1970-01-01T00:00:01.000Z</time></trkpt>
			<trkpt lat="54.181119" lon="27.425310"><time>1970-01-01T00:00:01.000Z</time></trkpt>
			<trkpt lat="54.182106" lon="27.432305"><time>1970-01-01T00:00:01.000Z</time></trkpt>
			<trkpt lat="54.182170" lon="27.432992"><time>1970-01-01T00:00:01.000Z</time></trkpt>
			<trkpt lat="54.182127" lon="27.433657"><time>1970-01-01T00:00:01.000Z</time></trkpt>
			<trkpt lat="54.181956" lon="27.434193"><time>1970-01-01T00:00:01.000Z</time></trkpt>
			<trkpt lat="54.181720" lon="27.434601"><time>1970-01-01T00:00:01.000Z</time></trkpt>
			<trkpt lat="54.180411" lon="27.435910"><time>1970-01-01T00:00:01.000Z</time></trkpt>
			<trkpt lat="54.180175" lon="27.436382"><time>1970-01-01T00:00:01.000Z</time></trkpt>
			<trkpt lat="54.178329" lon="27.443806"><time>1970-01-01T00:00:01.000Z</time></trkpt>
			<trkpt lat="54.178222" lon="27.444450"><time>1970-01-01T00:00:01.000Z</time></trkpt>
			<trkpt lat="54.177965" lon="27.446810"><time>1970-01-01T00:00:01.000Z</time></trkpt>
			<trkpt lat="54.177879" lon="27.447347"><time>1970-01-01T00:00:01.000Z</time></trkpt>
			<trkpt lat="54.176870" lon="27.450458"><time>1970-01-01T00:00:01.000Z</time></trkpt>
			<trkpt lat="54.176720" lon="27.451274"><time>1970-01-01T00:00:01.000Z</time></trkpt>
			<trkpt lat="54.176119" lon="27.456810"><time>1970-01-01T00:00:01.000Z</time></trkpt>
			<trkpt lat="54.176141" lon="27.457175"><time>1970-01-01T00:00:01.000Z</time></trkpt>
			<trkpt lat="54.176463" lon="27.458805"><time>1970-01-01T00:00:01.000Z</time></trkpt>
			<trkpt lat="54.176441" lon="27.459363"><time>1970-01-01T00:00:01.000Z</time></trkpt>
			<trkpt lat="54.176269" lon="27.460071"><time>1970-01-01T00:00:01.000Z</time></trkpt>
			<trkpt lat="54.176291" lon="27.460844"><time>1970-01-01T00:00:01.000Z</time></trkpt>
			<trkpt lat="54.176699" lon="27.461015"><time>1970-01-01T00:00:01.000Z</time></trkpt>
			<trkpt lat="54.178759" lon="27.460994"><time>1970-01-01T00:00:01.000Z</time></trkpt>
			<trkpt lat="54.184316" lon="27.460844"><time>1970-01-01T00:00:01.000Z</time></trkpt>
			<trkpt lat="54.194830" lon="27.460415"><time>1970-01-01T00:00:01.000Z</time></trkpt>
			<trkpt lat="54.200431" lon="27.460307"><time>1970-01-01T00:00:01.000Z</time></trkpt>
			<trkpt lat="54.202212" lon="27.460221"><time>1970-01-01T00:00:01.000Z</time></trkpt>
			<trkpt lat="54.204701" lon="27.460157"><time>1970-01-01T00:00:01.000Z</time></trkpt>
			<trkpt lat="54.206761" lon="27.460243"><time>1970-01-01T00:00:01.000Z</time></trkpt>
			<trkpt lat="54.207641" lon="27.460243"><time>1970-01-01T00:00:01.000Z</time></trkpt>
			<trkpt lat="54.207791" lon="27.460157"><time>1970-01-01T00:00:01.000Z</time></trkpt>
			<trkpt lat="54.208048" lon="27.459814"><time>1970-01-01T00:00:01.000Z</time></trkpt>
			<trkpt lat="54.209915" lon="27.455394"><time>1970-01-01T00:00:01.000Z</time></trkpt>
			<trkpt lat="54.210795" lon="27.453527"><time>1970-01-01T00:00:01.000Z</time></trkpt>
			<trkpt lat="54.211181" lon="27.452583"><time>1970-01-01T00:00:01.000Z</time></trkpt>
			<trkpt lat="54.212533" lon="27.448248"><time>1970-01-01T00:00:01.000Z</time></trkpt>
			<trkpt lat="54.213584" lon="27.445287"><time>1970-01-01T00:00:01.000Z</time></trkpt>
			<trkpt lat="54.214292" lon="27.443506"><time>1970-01-01T00:00:01.000Z</time></trkpt>
			<trkpt lat="54.214893" lon="27.441575"><time>1970-01-01T00:00:01.000Z</time></trkpt>
			<trkpt lat="54.215816" lon="27.439236"><time>1970-01-01T00:00:01.000Z</time></trkpt>
			<trkpt lat="54.215923" lon="27.438764"><time>1970-01-01T00:00:01.000Z</time></trkpt>
			<trkpt lat="54.216095" lon="27.438506"><time>1970-01-01T00:00:01.000Z</time></trkpt>
			<trkpt lat="54.216889" lon="27.437841"><time>1970-01-01T00:00:01.000Z</time></trkpt>
			<trkpt lat="54.220322" lon="27.434236"><time>1970-01-01T00:00:01.000Z</time></trkpt>
			<trkpt lat="54.224056" lon="27.430159"><time>1970-01-01T00:00:01.000Z</time></trkpt>
			<trkpt lat="54.224249" lon="27.430116"><time>1970-01-01T00:00:01.000Z</time></trkpt>
			<trkpt lat="54.224549" lon="27.428829"><time>1970-01-01T00:00:01.000Z</time></trkpt>
			<trkpt lat="54.225450" lon="27.421147"><time>1970-01-01T00:00:01.000Z</time></trkpt>
			<trkpt lat="54.225751" lon="27.419280"><time>1970-01-01T00:00:01.000Z</time></trkpt>
			<trkpt lat="54.226030" lon="27.411319"><time>1970-01-01T00:00:01.000Z</time></trkpt>
			<trkpt lat="54.226159" lon="27.410161"><time>1970-01-01T00:00:01.000Z</time></trkpt>
			<trkpt lat="54.227596" lon="27.401599"><time>1970-01-01T00:00:01.000Z</time></trkpt>
			<trkpt lat="54.224614" lon="27.400290"><time>1970-01-01T00:00:01.000Z</time></trkpt>
			<trkpt lat="54.224249" lon="27.400076"><time>1970-01-01T00:00:01.000Z</time></trkpt>
			<trkpt lat="54.223927" lon="27.399797"><time>1970-01-01T00:00:01.000Z</time></trkpt>
			<trkpt lat="54.223541" lon="27.399325"><time>1970-01-01T00:00:01.000Z</time></trkpt>
			<trkpt lat="54.222361" lon="27.397415"><time>1970-01-01T00:00:01.000Z</time></trkpt>
			<trkpt lat="54.221910" lon="27.396449"><time>1970-01-01T00:00:01.000Z</time></trkpt>
			<trkpt lat="54.221652" lon="27.395612"><time>1970-01-01T00:00:01.000Z</time></trkpt>
			<trkpt lat="54.219292" lon="27.385999"><time>1970-01-01T00:00:01.000Z</time></trkpt>
			<trkpt lat="54.219163" lon="27.385055"><time>1970-01-01T00:00:01.000Z</time></trkpt>
			<trkpt lat="54.219314" lon="27.380184"><time>1970-01-01T00:00:01.000Z</time></trkpt>
			<trkpt lat="54.219571" lon="27.377030"><time>1970-01-01T00:00:01.000Z</time></trkpt>
			<trkpt lat="54.219850" lon="27.374326"><time>1970-01-01T00:00:01.000Z</time></trkpt>
			<trkpt lat="54.219850" lon="27.372867"><time>1970-01-01T00:00:01.000Z</time></trkpt>
			<trkpt lat="54.220086" lon="27.372803"><time>1970-01-01T00:00:01.000Z</time></trkpt>
			<trkpt lat="54.220708" lon="27.372352"><time>1970-01-01T00:00:01.000Z</time></trkpt>
			<trkpt lat="54.220923" lon="27.372138"><time>1970-01-01T00:00:01.000Z</time></trkpt>
			<trkpt lat="54.222318" lon="27.369220"><time>1970-01-01T00:00:01.000Z</time></trkpt>
			<trkpt lat="54.224571" lon="27.364241"><time>1970-01-01T00:00:01.000Z</time></trkpt>
			<trkpt lat="54.228819" lon="27.357740"><time>1970-01-01T00:00:01.000Z</time></trkpt>
			<trkpt lat="54.229291" lon="27.357482"><time>1970-01-01T00:00:01.000Z</time></trkpt>
			<trkpt lat="54.231137" lon="27.357010"><time>1970-01-01T00:00:01.000Z</time></trkpt>
			<trkpt lat="54.232467" lon="27.356538"><time>1970-01-01T00:00:01.000Z</time></trkpt>
			<trkpt lat="54.233154" lon="27.356838"><time>1970-01-01T00:00:01.000Z</time></trkpt>
			<trkpt lat="54.233325" lon="27.356817"><time>1970-01-01T00:00:01.000Z</time></trkpt>
			<trkpt lat="54.233411" lon="27.354821"><time>1970-01-01T00:00:01.000Z</time></trkpt>
			<trkpt lat="54.233819" lon="27.352590"><time>1970-01-01T00:00:01.000Z</time></trkpt>
			<trkpt lat="54.233991" lon="27.352483"><time>1970-01-01T00:00:01.000Z</time></trkpt>
			<trkpt lat="54.234870" lon="27.352289"><time>1970-01-01T00:00:01.000Z</time></trkpt>
			<trkpt lat="54.235471" lon="27.352010"><time>1970-01-01T00:00:01.000Z</time></trkpt>
			<trkpt lat="54.235664" lon="27.351753"><time>1970-01-01T00:00:01.000Z</time></trkpt>
			<trkpt lat="54.236437" lon="27.349993"><time>1970-01-01T00:00:01.000Z</time></trkpt>
			<trkpt lat="54.236995" lon="27.348470"><time>1970-01-01T00:00:01.000Z</time></trkpt>
			<trkpt lat="54.237488" lon="27.347976"><time>1970-01-01T00:00:01.000Z</time></trkpt>
			<trkpt lat="54.237874" lon="27.347762"><time>1970-01-01T00:00:01.000Z</time></trkpt>
			<trkpt lat="54.238668" lon="27.348019"><time>1970-01-01T00:00:01.000Z</time></trkpt>
			<trkpt lat="54.239398" lon="27.348470"><time>1970-01-01T00:00:01.000Z</time></trkpt>
			<trkpt lat="54.239827" lon="27.348470"><time>1970-01-01T00:00:01.000Z</time></trkpt>
			<trkpt lat="54.240578" lon="27.348384"><time>1970-01-01T00:00:01.000Z</time></trkpt>
			<trkpt lat="54.241200" lon="27.348406"><time>1970-01-01T00:00:01.000Z</time></trkpt>
			<trkpt lat="54.242531" lon="27.347955"><time>1970-01-01T00:00:01.000Z</time></trkpt>
			<trkpt lat="54.243260" lon="27.347955"><time>1970-01-01T00:00:01.000Z</time></trkpt>
			<trkpt lat="54.243947" lon="27.347826"><time>1970-01-01T00:00:01.000Z</time></trkpt>
			<trkpt lat="54.244355" lon="27.347697"><time>1970-01-01T00:00:01.000Z</time></trkpt>
			<trkpt lat="54.244741" lon="27.347440"><time>1970-01-01T00:00:01.000Z</time></trkpt>
			<trkpt lat="54.245664" lon="27.347161"><time>1970-01-01T00:00:01.000Z</time></trkpt>
			<trkpt lat="54.245985" lon="27.346946"><time>1970-01-01T00:00:01.000Z</time></trkpt>
			<trkpt lat="54.246651" lon="27.346689"><time>1970-01-01T00:00:01.000Z</time></trkpt>
			<trkpt lat="54.247144" lon="27.346153"><time>1970-01-01T00:00:01.000Z</time></trkpt>
			<trkpt lat="54.248088" lon="27.345530"><time>1970-01-01T00:00:01.000Z</time></trkpt>
			<trkpt lat="54.249547" lon="27.344457"><time>1970-01-01T00:00:01.000Z</time></trkpt>
			<trkpt lat="54.250019" lon="27.344350"><time>1970-01-01T00:00:01.000Z</time></trkpt>
			<trkpt lat="54.250749" lon="27.343942"><time>1970-01-01T00:00:01.000Z</time></trkpt>
			<trkpt lat="54.251157" lon="27.344093"><time>1970-01-01T00:00:01.000Z</time></trkpt>
			<trkpt lat="54.251414" lon="27.344307"><time>1970-01-01T00:00:01.000Z</time></trkpt>
			<trkpt lat="54.251500" lon="27.344436"><time>1970-01-01T00:00:01.000Z</time></trkpt>
			<trkpt lat="54.251650" lon="27.344887"><time>1970-01-01T00:00:01.000Z</time></trkpt>
			<trkpt lat="54.252079" lon="27.345916"><time>1970-01-01T00:00:01.000Z</time></trkpt>
			<trkpt lat="54.252165" lon="27.346389"><time>1970-01-01T00:00:01.000Z</time></trkpt>
			<trkpt lat="54.252230" lon="27.347075"><time>1970-01-01T00:00:01.000Z</time></trkpt>
			<trkpt lat="54.252358" lon="27.347612"><time>1970-01-01T00:00:01.000Z</time></trkpt>
			<trkpt lat="54.252938" lon="27.348170"><time>1970-01-01T00:00:01.000Z</time></trkpt>
			<trkpt lat="54.253968" lon="27.349543"><time>1970-01-01T00:00:01.000Z</time></trkpt>
			<trkpt lat="54.254118" lon="27.349650"><time>1970-01-01T00:00:01.000Z</time></trkpt>
			<trkpt lat="54.254526" lon="27.349736"><time>1970-01-01T00:00:01.000Z</time></trkpt>
			<trkpt lat="54.254762" lon="27.350058"><time>1970-01-01T00:00:01.000Z</time></trkpt>
			<trkpt lat="54.254847" lon="27.350315"><time>1970-01-01T00:00:01.000Z</time></trkpt>
			<trkpt lat="54.254933" lon="27.351259"><time>1970-01-01T00:00:01.000Z</time></trkpt>
			<trkpt lat="54.255041" lon="27.351324"><time>1970-01-01T00:00:01.000Z</time></trkpt>
			<trkpt lat="54.255126" lon="27.351324"><time>1970-01-01T00:00:01.000Z</time></trkpt>
			<trkpt lat="54.256714" lon="27.350895"><time>1970-01-01T00:00:01.000Z</time></trkpt>
			<trkpt lat="54.255148" lon="27.346560"><time>1970-01-01T00:00:01.000Z</time></trkpt>
			<trkpt lat="54.255041" lon="27.346496"><time>1970-01-01T00:00:01.000Z</time></trkpt>
			<trkpt lat="54.254955" lon="27.346517"><time>1970-01-01T00:00:01.000Z</time></trkpt>
			<trkpt lat="54.254290" lon="27.346968"><time>1970-01-01T00:00:01.000Z</time></trkpt>
			<trkpt lat="54.254161" lon="27.346925"><time>1970-01-01T00:00:01.000Z</time></trkpt>
			<trkpt lat="54.253946" lon="27.346474"><time>1970-01-01T00:00:01.000Z</time></trkpt>
			<trkpt lat="54.253753" lon="27.345959"><time>1970-01-01T00:00:01.000Z</time></trkpt>
			<trkpt lat="54.253646" lon="27.345401"><time>1970-01-01T00:00:01.000Z</time></trkpt>
			<trkpt lat="54.253539" lon="27.344286"><time>1970-01-01T00:00:01.000Z</time></trkpt>
			<trkpt lat="54.253710" lon="27.342118"><time>1970-01-01T00:00:01.000Z</time></trkpt>
			<trkpt lat="54.253388" lon="27.339458"><time>1970-01-01T00:00:01.000Z</time></trkpt>
			<trkpt lat="54.253066" lon="27.337333"><time>1970-01-01T00:00:01.000Z</time></trkpt>
			<trkpt lat="54.253131" lon="27.336690"><time>1970-01-01T00:00:01.000Z</time></trkpt>
			<trkpt lat="54.253496" lon="27.335960"><time>1970-01-01T00:00:01.000Z</time></trkpt>
			<trkpt lat="54.253624" lon="27.335381"><time>1970-01-01T00:00:01.000Z</time></trkpt>
			<trkpt lat="54.253624" lon="27.334930"><time>1970-01-01T00:00:01.000Z</time></trkpt>
			<trkpt lat="54.253989" lon="27.333729"><time>1970-01-01T00:00:01.000Z</time></trkpt>
			<trkpt lat="54.254182" lon="27.331862"><time>1970-01-01T00:00:01.000Z</time></trkpt>
			<trkpt lat="54.254075" lon="27.331239"><time>1970-01-01T00:00:01.000Z</time></trkpt>
			<trkpt lat="54.253925" lon="27.330746"><time>1970-01-01T00:00:01.000Z</time></trkpt>
			<trkpt lat="54.254440" lon="27.328643"><time>1970-01-01T00:00:01.000Z</time></trkpt>
			<trkpt lat="54.254976" lon="27.327549"><time>1970-01-01T00:00:01.000Z</time></trkpt>
			<trkpt lat="54.255062" lon="27.327034"><time>1970-01-01T00:00:01.000Z</time></trkpt>
			<trkpt lat="54.254955" lon="27.326562"><time>1970-01-01T00:00:01.000Z</time></trkpt>
			<trkpt lat="54.254955" lon="27.326304"><time>1970-01-01T00:00:01.000Z</time></trkpt>
			<trkpt lat="54.254998" lon="27.326090"><time>1970-01-01T00:00:01.000Z</time></trkpt>
			<trkpt lat="54.255169" lon="27.325875"><time>1970-01-01T00:00:01.000Z</time></trkpt>
			<trkpt lat="54.255362" lon="27.325832"><time>1970-01-01T00:00:01.000Z</time></trkpt>
			<trkpt lat="54.255319" lon="27.325296"><time>1970-01-01T00:00:01.000Z</time></trkpt>
			<trkpt lat="54.255427" lon="27.324759"><time>1970-01-01T00:00:01.000Z</time></trkpt>
			<trkpt lat="54.255341" lon="27.324244"><time>1970-01-01T00:00:01.000Z</time></trkpt>
			<trkpt lat="54.255319" lon="27.322721"><time>1970-01-01T00:00:01.000Z</time></trkpt>
			<trkpt lat="54.255234" lon="27.321390"><time>1970-01-01T00:00:01.000Z</time></trkpt>
			<trkpt lat="54.254976" lon="27.320189"><time>1970-01-01T00:00:01.000Z</time></trkpt>
			<trkpt lat="54.254912" lon="27.317785"><time>1970-01-01T00:00:01.000Z</time></trkpt>
			<trkpt lat="54.254290" lon="27.314674"><time>1970-01-01T00:00:01.000Z</time></trkpt>
			<trkpt lat="54.253989" lon="27.313430"><time>1970-01-01T00:00:01.000Z</time></trkpt>
			<trkpt lat="54.253903" lon="27.312872"><time>1970-01-01T00:00:01.000Z</time></trkpt>
			<trkpt lat="54.253946" lon="27.311219"><time>1970-01-01T00:00:01.000Z</time></trkpt>
			<trkpt lat="54.254161" lon="27.308666"><time>1970-01-01T00:00:01.000Z</time></trkpt>
			<trkpt lat="54.254397" lon="27.307786"><time>1970-01-01T00:00:01.000Z</time></trkpt>
			<trkpt lat="54.254847" lon="27.304267"><time>1970-01-01T00:00:01.000Z</time></trkpt>
			<trkpt lat="54.254955" lon="27.301413"><time>1970-01-01T00:00:01.000Z</time></trkpt>
			<trkpt lat="54.255319" lon="27.295942"><time>1970-01-01T00:00:01.000Z</time></trkpt>
			<trkpt lat="54.255255" lon="27.291822"><time>1970-01-01T00:00:01.000Z</time></trkpt>
			<trkpt lat="54.255105" lon="27.286479"><time>1970-01-01T00:00:01.000Z</time></trkpt>
			<trkpt lat="54.254204" lon="27.285427"><time>1970-01-01T00:00:01.000Z</time></trkpt>
			<trkpt lat="54.254011" lon="27.285234"><time>1970-01-01T00:00:01.000Z</time></trkpt>
			<trkpt lat="54.253796" lon="27.285148"><time>1970-01-01T00:00:01.000Z</time></trkpt>
			<trkpt lat="54.252573" lon="27.284977"><time>1970-01-01T00:00:01.000Z</time></trkpt>
			<trkpt lat="54.251500" lon="27.284955"><time>1970-01-01T00:00:01.000Z</time></trkpt>
			<trkpt lat="54.250749" lon="27.284805"><time>1970-01-01T00:00:01.000Z</time></trkpt>
			<trkpt lat="54.248410" lon="27.283925"><time>1970-01-01T00:00:01.000Z</time></trkpt>
			<trkpt lat="54.247852" lon="27.283839"><time>1970-01-01T00:00:01.000Z</time></trkpt>
			<trkpt lat="54.247080" lon="27.283797"><time>1970-01-01T00:00:01.000Z</time></trkpt>
			<trkpt lat="54.246179" lon="27.283839"><time>1970-01-01T00:00:01.000Z</time></trkpt>
			<trkpt lat="54.244784" lon="27.284097"><time>1970-01-01T00:00:01.000Z</time></trkpt>
			<trkpt lat="54.243883" lon="27.284333"><time>1970-01-01T00:00:01.000Z</time></trkpt>
			<trkpt lat="54.243840" lon="27.283603"><time>1970-01-01T00:00:01.000Z</time></trkpt>
			<trkpt lat="54.243689" lon="27.283239"><time>1970-01-01T00:00:01.000Z</time></trkpt>
			<trkpt lat="54.243904" lon="27.282745"><time>1970-01-01T00:00:01.000Z</time></trkpt>
			<trkpt lat="54.243990" lon="27.282402"><time>1970-01-01T00:00:01.000Z</time></trkpt>
			<trkpt lat="54.244054" lon="27.281865"><time>1970-01-01T00:00:01.000Z</time></trkpt>
			<trkpt lat="54.244140" lon="27.281543"><time>1970-01-01T00:00:01.000Z</time></trkpt>
			<trkpt lat="54.244162" lon="27.281071"><time>1970-01-01T00:00:01.000Z</time></trkpt>
			<trkpt lat="54.244097" lon="27.280320"><time>1970-01-01T00:00:01.000Z</time></trkpt>
			<trkpt lat="54.243990" lon="27.279998"><time>1970-01-01T00:00:01.000Z</time></trkpt>
			<trkpt lat="54.243840" lon="27.279698"><time>1970-01-01T00:00:01.000Z</time></trkpt>
			<trkpt lat="54.243647" lon="27.279441"><time>1970-01-01T00:00:01.000Z</time></trkpt>
			<trkpt lat="54.243604" lon="27.279183"><time>1970-01-01T00:00:01.000Z</time></trkpt>
			<trkpt lat="54.243561" lon="27.278325"><time>1970-01-01T00:00:01.000Z</time></trkpt>
			<trkpt lat="54.243625" lon="27.277703"><time>1970-01-01T00:00:01.000Z</time></trkpt>
			<trkpt lat="54.243475" lon="27.276952"><time>1970-01-01T00:00:01.000Z</time></trkpt>
			<trkpt lat="54.243325" lon="27.276608"><time>1970-01-01T00:00:01.000Z</time></trkpt>
			<trkpt lat="54.243432" lon="27.276115"><time>1970-01-01T00:00:01.000Z</time></trkpt>
			<trkpt lat="54.243604" lon="27.275643"><time>1970-01-01T00:00:01.000Z</time></trkpt>
			<trkpt lat="54.243689" lon="27.274806"><time>1970-01-01T00:00:01.000Z</time></trkpt>
			<trkpt lat="54.243990" lon="27.273518"><time>1970-01-01T00:00:01.000Z</time></trkpt>
			<trkpt lat="54.244719" lon="27.270772"><time>1970-01-01T00:00:01.000Z</time></trkpt>
			<trkpt lat="54.245814" lon="27.267532"><time>1970-01-01T00:00:01.000Z</time></trkpt>
			<trkpt lat="54.246200" lon="27.266223"><time>1970-01-01T00:00:01.000Z</time></trkpt>
			<trkpt lat="54.246307" lon="27.265686"><time>1970-01-01T00:00:01.000Z</time></trkpt>
			<trkpt lat="54.246393" lon="27.265000"><time>1970-01-01T00:00:01.000Z</time></trkpt>
			<trkpt lat="54.246500" lon="27.263819"><time>1970-01-01T00:00:01.000Z</time></trkpt>
			<trkpt lat="54.246543" lon="27.262425"><time>1970-01-01T00:00:01.000Z</time></trkpt>
			<trkpt lat="54.246672" lon="27.261631"><time>1970-01-01T00:00:01.000Z</time></trkpt>
			<trkpt lat="54.246994" lon="27.260536"><time>1970-01-01T00:00:01.000Z</time></trkpt>
			<trkpt lat="54.247380" lon="27.259421"><time>1970-01-01T00:00:01.000Z</time></trkpt>
			<trkpt lat="54.247745" lon="27.258627"><time>1970-01-01T00:00:01.000Z</time></trkpt>
			<trkpt lat="54.248260" lon="27.257876"><time>1970-01-01T00:00:01.000Z</time></trkpt>
			<trkpt lat="54.250792" lon="27.254893"><time>1970-01-01T00:00:01.000Z</time></trkpt>
			<trkpt lat="54.251393" lon="27.254206"><time>1970-01-01T00:00:01.000Z</time></trkpt>
			<trkpt lat="54.252659" lon="27.253391"><time>1970-01-01T00:00:01.000Z</time></trkpt>
			<trkpt lat="54.252766" lon="27.253262"><time>1970-01-01T00:00:01.000Z</time></trkpt>
			<trkpt lat="54.252873" lon="27.253048"><time>1970-01-01T00:00:01.000Z</time></trkpt>
			<trkpt lat="54.253002" lon="27.252447"><time>1970-01-01T00:00:01.000Z</time></trkpt>
			<trkpt lat="54.253496" lon="27.248241"><time>1970-01-01T00:00:01.000Z</time></trkpt>
			<trkpt lat="54.253603" lon="27.246954"><time>1970-01-01T00:00:01.000Z</time></trkpt>
			<trkpt lat="54.253732" lon="27.246074"><time>1970-01-01T00:00:01.000Z</time></trkpt>
			<trkpt lat="54.254011" lon="27.243177"><time>1970-01-01T00:00:01.000Z</time></trkpt>
			<trkpt lat="54.254654" lon="27.240752"><time>1970-01-01T00:00:01.000Z</time></trkpt>
			<trkpt lat="54.255019" lon="27.239765"><time>1970-01-01T00:00:01.000Z</time></trkpt>
			<trkpt lat="54.255191" lon="27.239658"><time>1970-01-01T00:00:01.000Z</time></trkpt>
			<trkpt lat="54.255298" lon="27.239529"><time>1970-01-01T00:00:01.000Z</time></trkpt>
			<trkpt lat="54.255427" lon="27.239036"><time>1970-01-01T00:00:01.000Z</time></trkpt>
			<trkpt lat="54.255513" lon="27.238864"><time>1970-01-01T00:00:01.000Z</time></trkpt>
			<trkpt lat="54.255770" lon="27.238671"><time>1970-01-01T00:00:01.000Z</time></trkpt>
			<trkpt lat="54.255877" lon="27.238521"><time>1970-01-01T00:00:01.000Z</time></trkpt>
			<trkpt lat="54.255920" lon="27.238285"><time>1970-01-01T00:00:01.000Z</time></trkpt>
			<trkpt lat="54.255877" lon="27.238006"><time>1970-01-01T00:00:01.000Z</time></trkpt>
			<trkpt lat="54.255792" lon="27.237813"><time>1970-01-01T00:00:01.000Z</time></trkpt>
			<trkpt lat="54.255684" lon="27.237705"><time>1970-01-01T00:00:01.000Z</time></trkpt>
			<trkpt lat="54.255620" lon="27.237577"><time>1970-01-01T00:00:01.000Z</time></trkpt>
			<trkpt lat="54.255620" lon="27.237469"><time>1970-01-01T00:00:01.000Z</time></trkpt>
			<trkpt lat="54.255663" lon="27.237405"><time>1970-01-01T00:00:01.000Z</time></trkpt>
			<trkpt lat="54.255792" lon="27.237491"><time>1970-01-01T00:00:01.000Z</time></trkpt>
			<trkpt lat="54.256049" lon="27.237534"><time>1970-01-01T00:00:01.000Z</time></trkpt>
			<trkpt lat="54.256242" lon="27.237469"><time>1970-01-01T00:00:01.000Z</time></trkpt>
			<trkpt lat="54.256414" lon="27.237148"><time>1970-01-01T00:00:01.000Z</time></trkpt>
			<trkpt lat="54.256521" lon="27.237169"><time>1970-01-01T00:00:01.000Z</time></trkpt>
			<trkpt lat="54.256779" lon="27.237448"><time>1970-01-01T00:00:01.000Z</time></trkpt>
			<trkpt lat="54.256349" lon="27.237620"><time>1970-01-01T00:00:01.000Z</time></trkpt>
			<trkpt lat="54.256285" lon="27.237791"><time>1970-01-01T00:00:01.000Z</time></trkpt>
			<trkpt lat="54.256307" lon="27.238242"><time>1970-01-01T00:00:01.000Z</time></trkpt>
			<trkpt lat="54.256371" lon="27.238392"><time>1970-01-01T00:00:01.000Z</time></trkpt>
			<trkpt lat="54.256478" lon="27.238478"><time>1970-01-01T00:00:01.000Z</time></trkpt>
			<trkpt lat="54.256628" lon="27.238478"><time>1970-01-01T00:00:01.000Z</time></trkpt>
			<trkpt lat="54.263495" lon="27.236547"><time>1970-01-01T00:00:01.000Z</time></trkpt>
			<trkpt lat="54.263667" lon="27.236568"><time>1970-01-01T00:00:01.000Z</time></trkpt>
			<trkpt lat="54.263817" lon="27.236761"><time>1970-01-01T00:00:01.000Z</time></trkpt>
			<trkpt lat="54.263924" lon="27.236976"><time>1970-01-01T00:00:01.000Z</time></trkpt>
			<trkpt lat="54.263967" lon="27.236697"><time>1970-01-01T00:00:01.000Z</time></trkpt>
			<trkpt lat="54.264096" lon="27.236418"><time>1970-01-01T00:00:01.000Z</time></trkpt>
			<trkpt lat="54.264332" lon="27.236332"><time>1970-01-01T00:00:01.000Z</time></trkpt>
			<trkpt lat="54.264954" lon="27.236225"><time>1970-01-01T00:00:01.000Z</time></trkpt>
			<trkpt lat="54.265254" lon="27.236246"><time>1970-01-01T00:00:01.000Z</time></trkpt>
			<trkpt lat="54.273430" lon="27.238650"><time>1970-01-01T00:00:01.000Z</time></trkpt>
			<trkpt lat="54.278794" lon="27.240130"><time>1970-01-01T00:00:01.000Z</time></trkpt>
			<trkpt lat="54.292205" lon="27.243392"><time>1970-01-01T00:00:01.000Z</time></trkpt>
			<trkpt lat="54.294866" lon="27.243993"><time>1970-01-01T00:00:01.000Z</time></trkpt>
			<trkpt lat="54.296583" lon="27.244336"><time>1970-01-01T00:00:01.000Z</time></trkpt>
			<trkpt lat="54.297870" lon="27.244701"><time>1970-01-01T00:00:01.000Z</time></trkpt>
			<trkpt lat="54.298921" lon="27.244937"><time>1970-01-01T00:00:01.000Z</time></trkpt>
			<trkpt lat="54.300102" lon="27.245130"><time>1970-01-01T00:00:01.000Z</time></trkpt>
			<trkpt lat="54.302698" lon="27.245280"><time>1970-01-01T00:00:01.000Z</time></trkpt>
			<trkpt lat="54.305037" lon="27.245516"><time>1970-01-01T00:00:01.000Z</time></trkpt>
			<trkpt lat="54.305337" lon="27.245688"><time>1970-01-01T00:00:01.000Z</time></trkpt>
			<trkpt lat="54.306324" lon="27.245795"><time>1970-01-01T00:00:01.000Z</time></trkpt>
			<trkpt lat="54.306668" lon="27.246095"><time>1970-01-01T00:00:01.000Z</time></trkpt>
			<trkpt lat="54.309221" lon="27.246181"><time>1970-01-01T00:00:01.000Z</time></trkpt>
			<trkpt lat="54.309650" lon="27.246095"><time>1970-01-01T00:00:01.000Z</time></trkpt>
			<trkpt lat="54.312096" lon="27.245065"><time>1970-01-01T00:00:01.000Z</time></trkpt>
			<trkpt lat="54.313255" lon="27.244486"><time>1970-01-01T00:00:01.000Z</time></trkpt>
			<trkpt lat="54.313599" lon="27.244250"><time>1970-01-01T00:00:01.000Z</time></trkpt>
			<trkpt lat="54.314478" lon="27.243864"><time>1970-01-01T00:00:01.000Z</time></trkpt>
			<trkpt lat="54.314650" lon="27.244422"><time>1970-01-01T00:00:01.000Z</time></trkpt>
			<trkpt lat="54.314886" lon="27.244894"><time>1970-01-01T00:00:01.000Z</time></trkpt>
			<trkpt lat="54.315272" lon="27.245516"><time>1970-01-01T00:00:01.000Z</time></trkpt>
			<trkpt lat="54.316195" lon="27.246761"><time>1970-01-01T00:00:01.000Z</time></trkpt>
			<trkpt lat="54.316710" lon="27.247168"><time>1970-01-01T00:00:01.000Z</time></trkpt>
			<trkpt lat="54.317203" lon="27.247318"><time>1970-01-01T00:00:01.000Z</time></trkpt>
			<trkpt lat="54.317976" lon="27.247168"><time>1970-01-01T00:00:01.000Z</time></trkpt>
			<trkpt lat="54.319800" lon="27.245902"><time>1970-01-01T00:00:01.000Z</time></trkpt>
			<trkpt lat="54.320057" lon="27.245795"><time>1970-01-01T00:00:01.000Z</time></trkpt>
			<trkpt lat="54.320036" lon="27.245752"><time>1970-01-01T00:00:01.000Z</time></trkpt>
			<trkpt lat="54.320465" lon="27.245580"><time>1970-01-01T00:00:01.000Z</time></trkpt>
			<trkpt lat="54.321001" lon="27.245495"><time>1970-01-01T00:00:01.000Z</time></trkpt>
			<trkpt lat="54.321323" lon="27.245516"><time>1970-01-01T00:00:01.000Z</time></trkpt>
			<trkpt lat="54.321559" lon="27.245580"><time>1970-01-01T00:00:01.000Z</time></trkpt>
			<trkpt lat="54.321988" lon="27.245838"><time>1970-01-01T00:00:01.000Z</time></trkpt>
			<trkpt lat="54.322804" lon="27.246439"><time>1970-01-01T00:00:01.000Z</time></trkpt>
			<trkpt lat="54.324199" lon="27.247533"><time>1970-01-01T00:00:01.000Z</time></trkpt>
			<trkpt lat="54.324242" lon="27.247469"><time>1970-01-01T00:00:01.000Z</time></trkpt>
			<trkpt lat="54.324199" lon="27.247533"><time>1970-01-01T00:00:01.000Z</time></trkpt>
			<trkpt lat="54.325915" lon="27.248949"><time>1970-01-01T00:00:01.000Z</time></trkpt>
			<trkpt lat="54.327396" lon="27.250301"><time>1970-01-01T00:00:01.000Z</time></trkpt>
			<trkpt lat="54.327610" lon="27.248906"><time>1970-01-01T00:00:01.000Z</time></trkpt>
			<trkpt lat="54.327675" lon="27.247941"><time>1970-01-01T00:00:01.000Z</time></trkpt>
			<trkpt lat="54.327911" lon="27.247190"><time>1970-01-01T00:00:01.000Z</time></trkpt>
			<trkpt lat="54.327975" lon="27.246803"><time>1970-01-01T00:00:01.000Z</time></trkpt>
			<trkpt lat="54.327954" lon="27.245945"><time>1970-01-01T00:00:01.000Z</time></trkpt>
			<trkpt lat="54.327889" lon="27.245280"><time>1970-01-01T00:00:01.000Z</time></trkpt>
			<trkpt lat="54.327997" lon="27.242641"><time>1970-01-01T00:00:01.000Z</time></trkpt>
			<trkpt lat="54.328040" lon="27.242276"><time>1970-01-01T00:00:01.000Z</time></trkpt>
			<trkpt lat="54.328190" lon="27.241718"><time>1970-01-01T00:00:01.000Z</time></trkpt>
			<trkpt lat="54.328426" lon="27.241203"><time>1970-01-01T00:00:01.000Z</time></trkpt>
			<trkpt lat="54.328640" lon="27.240924"><time>1970-01-01T00:00:01.000Z</time></trkpt>
			<trkpt lat="54.328984" lon="27.240667"><time>1970-01-01T00:00:01.000Z</time></trkpt>
			<trkpt lat="54.329306" lon="27.240624"><time>1970-01-01T00:00:01.000Z</time></trkpt>
			<trkpt lat="54.330057" lon="27.240688"><time>1970-01-01T00:00:01.000Z</time></trkpt>
			<trkpt lat="54.330164" lon="27.240645"><time>1970-01-01T00:00:01.000Z</time></trkpt>
			<trkpt lat="54.330314" lon="27.240431"><time>1970-01-01T00:00:01.000Z</time></trkpt>
			<trkpt lat="54.330378" lon="27.240152"><time>1970-01-01T00:00:01.000Z</time></trkpt>
			<trkpt lat="54.330593" lon="27.238263"><time>1970-01-01T00:00:01.000Z</time></trkpt>
			<trkpt lat="54.330679" lon="27.238070"><time>1970-01-01T00:00:01.000Z</time></trkpt>
			<trkpt lat="54.331194" lon="27.237512"><time>1970-01-01T00:00:01.000Z</time></trkpt>
			<trkpt lat="54.335850" lon="27.231590"><time>1970-01-01T00:00:01.000Z</time></trkpt>
			<trkpt lat="54.336880" lon="27.230324"><time>1970-01-01T00:00:01.000Z</time></trkpt>
			<trkpt lat="54.341000" lon="27.225775"><time>1970-01-01T00:00:01.000Z</time></trkpt>
			<trkpt lat="54.343403" lon="27.223243"><time>1970-01-01T00:00:01.000Z</time></trkpt>
			<trkpt lat="54.347287" lon="27.219016"><time>1970-01-01T00:00:01.000Z</time></trkpt>
			<trkpt lat="54.351128" lon="27.214939"><time>1970-01-01T00:00:01.000Z</time></trkpt>
			<trkpt lat="54.351514" lon="27.214789"><time>1970-01-01T00:00:01.000Z</time></trkpt>
			<trkpt lat="54.354883" lon="27.214832"><time>1970-01-01T00:00:01.000Z</time></trkpt>
			<trkpt lat="54.357394" lon="27.215003"><time>1970-01-01T00:00:01.000Z</time></trkpt>
			<trkpt lat="54.361063" lon="27.215110"><time>1970-01-01T00:00:01.000Z</time></trkpt>
			<trkpt lat="54.361385" lon="27.215175"><time>1970-01-01T00:00:01.000Z</time></trkpt>
			<trkpt lat="54.373809" lon="27.222470"><time>1970-01-01T00:00:01.000Z</time></trkpt>
			<trkpt lat="54.375053" lon="27.223372"><time>1970-01-01T00:00:01.000Z</time></trkpt>
			<trkpt lat="54.375375" lon="27.223736"><time>1970-01-01T00:00:01.000Z</time></trkpt>
			<trkpt lat="54.376105" lon="27.224788"><time>1970-01-01T00:00:01.000Z</time></trkpt>
			<trkpt lat="54.377070" lon="27.226032"><time>1970-01-01T00:00:01.000Z</time></trkpt>
			<trkpt lat="54.379345" lon="27.228328"><time>1970-01-01T00:00:01.000Z</time></trkpt>
			<trkpt lat="54.379989" lon="27.228929"><time>1970-01-01T00:00:01.000Z</time></trkpt>
			<trkpt lat="54.382070" lon="27.230174"><time>1970-01-01T00:00:01.000Z</time></trkpt>
			<trkpt lat="54.384623" lon="27.231783"><time>1970-01-01T00:00:01.000Z</time></trkpt>
			<trkpt lat="54.387885" lon="27.233714"><time>1970-01-01T00:00:01.000Z</time></trkpt>
			<trkpt lat="54.387520" lon="27.236461"><time>1970-01-01T00:00:01.000Z</time></trkpt>
			<trkpt lat="54.387349" lon="27.239637"><time>1970-01-01T00:00:01.000Z</time></trkpt>
			<trkpt lat="54.387542" lon="27.242018"><time>1970-01-01T00:00:01.000Z</time></trkpt>
			<trkpt lat="54.387542" lon="27.242319"><time>1970-01-01T00:00:01.000Z</time></trkpt>
			<trkpt lat="54.387499" lon="27.242555"><time>1970-01-01T00:00:01.000Z</time></trkpt>
			<trkpt lat="54.387370" lon="27.242812"><time>1970-01-01T00:00:01.000Z</time></trkpt>
			<trkpt lat="54.387048" lon="27.244808"><time>1970-01-01T00:00:01.000Z</time></trkpt>
			<trkpt lat="54.386834" lon="27.245430"><time>1970-01-01T00:00:01.000Z</time></trkpt>
			<trkpt lat="54.386855" lon="27.245580"><time>1970-01-01T00:00:01.000Z</time></trkpt>
			<trkpt lat="54.387370" lon="27.246803"><time>1970-01-01T00:00:01.000Z</time></trkpt>
			<trkpt lat="54.387778" lon="27.247297"><time>1970-01-01T00:00:01.000Z</time></trkpt>
			<trkpt lat="54.388100" lon="27.247361"><time>1970-01-01T00:00:01.000Z</time></trkpt>
			<trkpt lat="54.388657" lon="27.248220"><time>1970-01-01T00:00:01.000Z</time></trkpt>
			<trkpt lat="54.388958" lon="27.248584"><time>1970-01-01T00:00:01.000Z</time></trkpt>
			<trkpt lat="54.389151" lon="27.248885"><time>1970-01-01T00:00:01.000Z</time></trkpt>
			<trkpt lat="54.389516" lon="27.250065"><time>1970-01-01T00:00:01.000Z</time></trkpt>
			<trkpt lat="54.389752" lon="27.251095"><time>1970-01-01T00:00:01.000Z</time></trkpt>
			<trkpt lat="54.390760" lon="27.253091"><time>1970-01-01T00:00:01.000Z</time></trkpt>
			<trkpt lat="54.390953" lon="27.253820"><time>1970-01-01T00:00:01.000Z</time></trkpt>
			<trkpt lat="54.391426" lon="27.254807"><time>1970-01-01T00:00:01.000Z</time></trkpt>
			<trkpt lat="54.391962" lon="27.255794"><time>1970-01-01T00:00:01.000Z</time></trkpt>
			<trkpt lat="54.392885" lon="27.257768"><time>1970-01-01T00:00:01.000Z</time></trkpt>
			<trkpt lat="54.393121" lon="27.258455"><time>1970-01-01T00:00:01.000Z</time></trkpt>
			<trkpt lat="54.393593" lon="27.260107"><time>1970-01-01T00:00:01.000Z</time></trkpt>
			<trkpt lat="54.394623" lon="27.262618"><time>1970-01-01T00:00:01.000Z</time></trkpt>
			<trkpt lat="54.395073" lon="27.263991"><time>1970-01-01T00:00:01.000Z</time></trkpt>
			<trkpt lat="54.395224" lon="27.264806"><time>1970-01-01T00:00:01.000Z</time></trkpt>
			<trkpt lat="54.396511" lon="27.274076"><time>1970-01-01T00:00:01.000Z</time></trkpt>
			<trkpt lat="54.396511" lon="27.275857"><time>1970-01-01T00:00:01.000Z</time></trkpt>
			<trkpt lat="54.396704" lon="27.276930"><time>1970-01-01T00:00:01.000Z</time></trkpt>
			<trkpt lat="54.397047" lon="27.277981"><time>1970-01-01T00:00:01.000Z</time></trkpt>
			<trkpt lat="54.397241" lon="27.278368"><time>1970-01-01T00:00:01.000Z</time></trkpt>
			<trkpt lat="54.401618" lon="27.282616"><time>1970-01-01T00:00:01.000Z</time></trkpt>
			<trkpt lat="54.404450" lon="27.284226"><time>1970-01-01T00:00:01.000Z</time></trkpt>
			<trkpt lat="54.405309" lon="27.284805"><time>1970-01-01T00:00:01.000Z</time></trkpt>
			<trkpt lat="54.406467" lon="27.285985"><time>1970-01-01T00:00:01.000Z</time></trkpt>
			<trkpt lat="54.408098" lon="27.287444"><time>1970-01-01T00:00:01.000Z</time></trkpt>
			<trkpt lat="54.409815" lon="27.289311"><time>1970-01-01T00:00:01.000Z</time></trkpt>
			<trkpt lat="54.411167" lon="27.290556"><time>1970-01-01T00:00:01.000Z</time></trkpt>
			<trkpt lat="54.411467" lon="27.290727"><time>1970-01-01T00:00:01.000Z</time></trkpt>
			<trkpt lat="54.412347" lon="27.290899"><time>1970-01-01T00:00:01.000Z</time></trkpt>
			<trkpt lat="54.412561" lon="27.291028"><time>1970-01-01T00:00:01.000Z</time></trkpt>
			<trkpt lat="54.415973" lon="27.294397"><time>1970-01-01T00:00:01.000Z</time></trkpt>
			<trkpt lat="54.416617" lon="27.294997"><time>1970-01-01T00:00:01.000Z</time></trkpt>
			<trkpt lat="54.417175" lon="27.295448"><time>1970-01-01T00:00:01.000Z</time></trkpt>
			<trkpt lat="54.417432" lon="27.295577"><time>1970-01-01T00:00:01.000Z</time></trkpt>
			<trkpt lat="54.418848" lon="27.295920"><time>1970-01-01T00:00:01.000Z</time></trkpt>
			<trkpt lat="54.419449" lon="27.296006"><time>1970-01-01T00:00:01.000Z</time></trkpt>
			<trkpt lat="54.420930" lon="27.296499"><time>1970-01-01T00:00:01.000Z</time></trkpt>
			<trkpt lat="54.421552" lon="27.296564"><time>1970-01-01T00:00:01.000Z</time></trkpt>
			<trkpt lat="54.421724" lon="27.296650"><time>1970-01-01T00:00:01.000Z</time></trkpt>
			<trkpt lat="54.422711" lon="27.296864"><time>1970-01-01T00:00:01.000Z</time></trkpt>
			<trkpt lat="54.423247" lon="27.297057"><time>1970-01-01T00:00:01.000Z</time></trkpt>
			<trkpt lat="54.432624" lon="27.302250"><time>1970-01-01T00:00:01.000Z</time></trkpt>
			<trkpt lat="54.435135" lon="27.303795"><time>1970-01-01T00:00:01.000Z</time></trkpt>
			<trkpt lat="54.436594" lon="27.304610"><time>1970-01-01T00:00:01.000Z</time></trkpt>
			<trkpt lat="54.448610" lon="27.310704"><time>1970-01-01T00:00:01.000Z</time></trkpt>
			<trkpt lat="54.450434" lon="27.303623"><time>1970-01-01T00:00:01.000Z</time></trkpt>
			<trkpt lat="54.451872" lon="27.297615"><time>1970-01-01T00:00:01.000Z</time></trkpt>
			<trkpt lat="54.452473" lon="27.295641"><time>1970-01-01T00:00:01.000Z</time></trkpt>
			<trkpt lat="54.454189" lon="27.289418"><time>1970-01-01T00:00:01.000Z</time></trkpt>
			<trkpt lat="54.453610" lon="27.288968"><time>1970-01-01T00:00:01.000Z</time></trkpt>
			<trkpt lat="54.453009" lon="27.288603"><time>1970-01-01T00:00:01.000Z</time></trkpt>
			<trkpt lat="54.451872" lon="27.288174"><time>1970-01-01T00:00:01.000Z</time></trkpt>
			<trkpt lat="54.451786" lon="27.287938"><time>1970-01-01T00:00:01.000Z</time></trkpt>
			<trkpt lat="54.451786" lon="27.284333"><time>1970-01-01T00:00:01.000Z</time></trkpt>
			<trkpt lat="54.451829" lon="27.283625"><time>1970-01-01T00:00:01.000Z</time></trkpt>
			<trkpt lat="54.452451" lon="27.277252"><time>1970-01-01T00:00:01.000Z</time></trkpt>
			<trkpt lat="54.452494" lon="27.276308"><time>1970-01-01T00:00:01.000Z</time></trkpt>
			<trkpt lat="54.452494" lon="27.275707"><time>1970-01-01T00:00:01.000Z</time></trkpt>
			<trkpt lat="54.452151" lon="27.268454"><time>1970-01-01T00:00:01.000Z</time></trkpt>
			<trkpt lat="54.452644" lon="27.256760"><time>1970-01-01T00:00:01.000Z</time></trkpt>
			<trkpt lat="54.455090" lon="27.255773"><time>1970-01-01T00:00:01.000Z</time></trkpt>
			<trkpt lat="54.455198" lon="27.255687"><time>1970-01-01T00:00:01.000Z</time></trkpt>
			<trkpt lat="54.456271" lon="27.254163"><time>1970-01-01T00:00:01.000Z</time></trkpt>
			<trkpt lat="54.457580" lon="27.252897"><time>1970-01-01T00:00:01.000Z</time></trkpt>
			<trkpt lat="54.458030" lon="27.252340"><time>1970-01-01T00:00:01.000Z</time></trkpt>
			<trkpt lat="54.458846" lon="27.251159"><time>1970-01-01T00:00:01.000Z</time></trkpt>
			<trkpt lat="54.459082" lon="27.250580"><time>1970-01-01T00:00:01.000Z</time></trkpt>
			<trkpt lat="54.459511" lon="27.249314"><time>1970-01-01T00:00:01.000Z</time></trkpt>
			<trkpt lat="54.459811" lon="27.248112"><time>1970-01-01T00:00:01.000Z</time></trkpt>
			<trkpt lat="54.460176" lon="27.248263"><time>1970-01-01T00:00:01.000Z</time></trkpt>
			<trkpt lat="54.461206" lon="27.248842"><time>1970-01-01T00:00:01.000Z</time></trkpt>
			<trkpt lat="54.461463" lon="27.248778"><time>1970-01-01T00:00:01.000Z</time></trkpt>
			<trkpt lat="54.461485" lon="27.248477"><time>1970-01-01T00:00:01.000Z</time></trkpt>
			<trkpt lat="54.462193" lon="27.245387"><time>1970-01-01T00:00:01.000Z</time></trkpt>
			<trkpt lat="54.462944" lon="27.242469"><time>1970-01-01T00:00:01.000Z</time></trkpt>
			<trkpt lat="54.463201" lon="27.241182"><time>1970-01-01T00:00:01.000Z</time></trkpt>
			<trkpt lat="54.464832" lon="27.236633"><time>1970-01-01T00:00:01.000Z</time></trkpt>
			<trkpt lat="54.464961" lon="27.236397"><time>1970-01-01T00:00:01.000Z</time></trkpt>
			<trkpt lat="54.466163" lon="27.234787"><time>1970-01-01T00:00:01.000Z</time></trkpt>
			<trkpt lat="54.466484" lon="27.234444"><time>1970-01-01T00:00:01.000Z</time></trkpt>
			<trkpt lat="54.467193" lon="27.233800"><time>1970-01-01T00:00:01.000Z</time></trkpt>
			<trkpt lat="54.467858" lon="27.233285"><time>1970-01-01T00:00:01.000Z</time></trkpt>
			<trkpt lat="54.468909" lon="27.232577"><time>1970-01-01T00:00:01.000Z</time></trkpt>
			<trkpt lat="54.469295" lon="27.232255"><time>1970-01-01T00:00:01.000Z</time></trkpt>
			<trkpt lat="54.469553" lon="27.231933"><time>1970-01-01T00:00:01.000Z</time></trkpt>
			<trkpt lat="54.470776" lon="27.229187"><time>1970-01-01T00:00:01.000Z</time></trkpt>
			<trkpt lat="54.470840" lon="27.228800"><time>1970-01-01T00:00:01.000Z</time></trkpt>
			<trkpt lat="54.471033" lon="27.226268"><time>1970-01-01T00:00:01.000Z</time></trkpt>
			<trkpt lat="54.471484" lon="27.218994"><time>1970-01-01T00:00:01.000Z</time></trkpt>
			<trkpt lat="54.472214" lon="27.208115"><time>1970-01-01T00:00:01.000Z</time></trkpt>
			<trkpt lat="54.476162" lon="27.208802"><time>1970-01-01T00:00:01.000Z</time></trkpt>
			<trkpt lat="54.476934" lon="27.208974"><time>1970-01-01T00:00:01.000Z</time></trkpt>
			<trkpt lat="54.477063" lon="27.208931"><time>1970-01-01T00:00:01.000Z</time></trkpt>
			<trkpt lat="54.477170" lon="27.208823"><time>1970-01-01T00:00:01.000Z</time></trkpt>
			<trkpt lat="54.478136" lon="27.205390"><time>1970-01-01T00:00:01.000Z</time></trkpt>
			<trkpt lat="54.478501" lon="27.204296"><time>1970-01-01T00:00:01.000Z</time></trkpt>
			<trkpt lat="54.479230" lon="27.203244"><time>1970-01-01T00:00:01.000Z</time></trkpt>
			<trkpt lat="54.480089" lon="27.201850"><time>1970-01-01T00:00:01.000Z</time></trkpt>
			<trkpt lat="54.480303" lon="27.201807"><time>1970-01-01T00:00:01.000Z</time></trkpt>
			<trkpt lat="54.480389" lon="27.201721"><time>1970-01-01T00:00:01.000Z</time></trkpt>
			<trkpt lat="54.480925" lon="27.198288"><time>1970-01-01T00:00:01.000Z</time></trkpt>
			<trkpt lat="54.480925" lon="27.197429"><time>1970-01-01T00:00:01.000Z</time></trkpt>
			<trkpt lat="54.480861" lon="27.196700"><time>1970-01-01T00:00:01.000Z</time></trkpt>
			<trkpt lat="54.480904" lon="27.196550"><time>1970-01-01T00:00:01.000Z</time></trkpt>
			<trkpt lat="54.480968" lon="27.196421"><time>1970-01-01T00:00:01.000Z</time></trkpt>
			<trkpt lat="54.481226" lon="27.196142"><time>1970-01-01T00:00:01.000Z</time></trkpt>
			<trkpt lat="54.481290" lon="27.196206"><time>1970-01-01T00:00:01.000Z</time></trkpt>
			<trkpt lat="54.481355" lon="27.196464"><time>1970-01-01T00:00:01.000Z</time></trkpt>
			<trkpt lat="54.481440" lon="27.196550"><time>1970-01-01T00:00:01.000Z</time></trkpt>
			<trkpt lat="54.481719" lon="27.196335"><time>1970-01-01T00:00:01.000Z</time></trkpt>
			<trkpt lat="54.483415" lon="27.191765"><time>1970-01-01T00:00:01.000Z</time></trkpt>
			<trkpt lat="54.483865" lon="27.190456"><time>1970-01-01T00:00:01.000Z</time></trkpt>
			<trkpt lat="54.484080" lon="27.189962"><time>1970-01-01T00:00:01.000Z</time></trkpt>
			<trkpt lat="54.483715" lon="27.189361"><time>1970-01-01T00:00:01.000Z</time></trkpt>
			<trkpt lat="54.483565" lon="27.188954"><time>1970-01-01T00:00:01.000Z</time></trkpt>
			<trkpt lat="54.483264" lon="27.188417"><time>1970-01-01T00:00:01.000Z</time></trkpt>
			<trkpt lat="54.482664" lon="27.187795"><time>1970-01-01T00:00:01.000Z</time></trkpt>
			<trkpt lat="54.482578" lon="27.187430"><time>1970-01-01T00:00:01.000Z</time></trkpt>
			<trkpt lat="54.482578" lon="27.186765"><time>1970-01-01T00:00:01.000Z</time></trkpt>
			<trkpt lat="54.482513" lon="27.186507"><time>1970-01-01T00:00:01.000Z</time></trkpt>
			<trkpt lat="54.482320" lon="27.186228"><time>1970-01-01T00:00:01.000Z</time></trkpt>
			<trkpt lat="54.482149" lon="27.186164"><time>1970-01-01T00:00:01.000Z</time></trkpt>
			<trkpt lat="54.481891" lon="27.185950"><time>1970-01-01T00:00:01.000Z</time></trkpt>
			<trkpt lat="54.481741" lon="27.185671"><time>1970-01-01T00:00:01.000Z</time></trkpt>
			<trkpt lat="54.481655" lon="27.185585"><time>1970-01-01T00:00:01.000Z</time></trkpt>
			<trkpt lat="54.480861" lon="27.183911"><time>1970-01-01T00:00:01.000Z</time></trkpt>
			<trkpt lat="54.480539" lon="27.182924"><time>1970-01-01T00:00:01.000Z</time></trkpt>
			<trkpt lat="54.480432" lon="27.182688"><time>1970-01-01T00:00:01.000Z</time></trkpt>
			<trkpt lat="54.480389" lon="27.182302"><time>1970-01-01T00:00:01.000Z</time></trkpt>
			<trkpt lat="54.479338" lon="27.179641"><time>1970-01-01T00:00:01.000Z</time></trkpt>
			<trkpt lat="54.478758" lon="27.177560"><time>1970-01-01T00:00:01.000Z</time></trkpt>
			<trkpt lat="54.477900" lon="27.175135"><time>1970-01-01T00:00:01.000Z</time></trkpt>
			<trkpt lat="54.477793" lon="27.174985"><time>1970-01-01T00:00:01.000Z</time></trkpt>
			<trkpt lat="54.477514" lon="27.174813"><time>1970-01-01T00:00:01.000Z</time></trkpt>
			<trkpt lat="54.477385" lon="27.174191"><time>1970-01-01T00:00:01.000Z</time></trkpt>
			<trkpt lat="54.477385" lon="27.173847"><time>1970-01-01T00:00:01.000Z</time></trkpt>
			<trkpt lat="54.477321" lon="27.173697"><time>1970-01-01T00:00:01.000Z</time></trkpt>
			<trkpt lat="54.477235" lon="27.172817"><time>1970-01-01T00:00:01.000Z</time></trkpt>
			<trkpt lat="54.477256" lon="27.172474"><time>1970-01-01T00:00:01.000Z</time></trkpt>
			<trkpt lat="54.477170" lon="27.172260"><time>1970-01-01T00:00:01.000Z</time></trkpt>
			<trkpt lat="54.477299" lon="27.171981"><time>1970-01-01T00:00:01.000Z</time></trkpt>
			<trkpt lat="54.477299" lon="27.171852"><time>1970-01-01T00:00:01.000Z</time></trkpt>
			<trkpt lat="54.476913" lon="27.169878"><time>1970-01-01T00:00:01.000Z</time></trkpt>
			<trkpt lat="54.476698" lon="27.168333"><time>1970-01-01T00:00:01.000Z</time></trkpt>
			<trkpt lat="54.476612" lon="27.166874"><time>1970-01-01T00:00:01.000Z</time></trkpt>
			<trkpt lat="54.476291" lon="27.165200"><time>1970-01-01T00:00:01.000Z</time></trkpt>
			<trkpt lat="54.476291" lon="27.164749"><time>1970-01-01T00:00:01.000Z</time></trkpt>
			<trkpt lat="54.475840" lon="27.163612"><time>1970-01-01T00:00:01.000Z</time></trkpt>
			<trkpt lat="54.475411" lon="27.162346"><time>1970-01-01T00:00:01.000Z</time></trkpt>
			<trkpt lat="54.475282" lon="27.162174"><time>1970-01-01T00:00:01.000Z</time></trkpt>
			<trkpt lat="54.474831" lon="27.161767"><time>1970-01-01T00:00:01.000Z</time></trkpt>
			<trkpt lat="54.474381" lon="27.161187"><time>1970-01-01T00:00:01.000Z</time></trkpt>
			<trkpt lat="54.474059" lon="27.160415"><time>1970-01-01T00:00:01.000Z</time></trkpt>
			<trkpt lat="54.473780" lon="27.160114"><time>1970-01-01T00:00:01.000Z</time></trkpt>
			<trkpt lat="54.473544" lon="27.160007"><time>1970-01-01T00:00:01.000Z</time></trkpt>
			<trkpt lat="54.472729" lon="27.159986"><time>1970-01-01T00:00:01.000Z</time></trkpt>
			<trkpt lat="54.472536" lon="27.160050"><time>1970-01-01T00:00:01.000Z</time></trkpt>
			<trkpt lat="54.472364" lon="27.160007"><time>1970-01-01T00:00:01.000Z</time></trkpt>
			<trkpt lat="54.472149" lon="27.159814"><time>1970-01-01T00:00:01.000Z</time></trkpt>
			<trkpt lat="54.472085" lon="27.159793"><time>1970-01-01T00:00:01.000Z</time></trkpt>
			<trkpt lat="54.471720" lon="27.160887"><time>1970-01-01T00:00:01.000Z</time></trkpt>
			<trkpt lat="54.471184" lon="27.162024"><time>1970-01-01T00:00:01.000Z</time></trkpt>
			<trkpt lat="54.467729" lon="27.167968"><time>1970-01-01T00:00:01.000Z</time></trkpt>
			<trkpt lat="54.463180" lon="27.175607"><time>1970-01-01T00:00:01.000Z</time></trkpt>
			<trkpt lat="54.458545" lon="27.184018"><time>1970-01-01T00:00:01.000Z</time></trkpt>
			<trkpt lat="54.458288" lon="27.184190"><time>1970-01-01T00:00:01.000Z</time></trkpt>
			<trkpt lat="54.458159" lon="27.184169"><time>1970-01-01T00:00:01.000Z</time></trkpt>
			<trkpt lat="54.457730" lon="27.183825"><time>1970-01-01T00:00:01.000Z</time></trkpt>
			<trkpt lat="54.457622" lon="27.183632"><time>1970-01-01T00:00:01.000Z</time></trkpt>
			<trkpt lat="54.457580" lon="27.183418"><time>1970-01-01T00:00:01.000Z</time></trkpt>
			<trkpt lat="54.457622" lon="27.183096"><time>1970-01-01T00:00:01.000Z</time></trkpt>
			<trkpt lat="54.457451" lon="27.182774"><time>1970-01-01T00:00:01.000Z</time></trkpt>
			<trkpt lat="54.457322" lon="27.182688"><time>1970-01-01T00:00:01.000Z</time></trkpt>
			<trkpt lat="54.457043" lon="27.182838"><time>1970-01-01T00:00:01.000Z</time></trkpt>
			<trkpt lat="54.454876" lon="27.186078"><time>1970-01-01T00:00:01.000Z</time></trkpt>
			<trkpt lat="54.454146" lon="27.187559"><time>1970-01-01T00:00:01.000Z</time></trkpt>
			<trkpt lat="54.452601" lon="27.189876"><time>1970-01-01T00:00:01.000Z</time></trkpt>
			<trkpt lat="54.451228" lon="27.191657"><time>1970-01-01T00:00:01.000Z</time></trkpt>
			<trkpt lat="54.449254" lon="27.194533"><time>1970-01-01T00:00:01.000Z</time></trkpt>
			<trkpt lat="54.448803" lon="27.195305"><time>1970-01-01T00:00:01.000Z</time></trkpt>
			<trkpt lat="54.448546" lon="27.195670"><time>1970-01-01T00:00:01.000Z</time></trkpt>
			<trkpt lat="54.448160" lon="27.195970"><time>1970-01-01T00:00:01.000Z</time></trkpt>
			<trkpt lat="54.447924" lon="27.196035"><time>1970-01-01T00:00:01.000Z</time></trkpt>
			<trkpt lat="54.447430" lon="27.196056"><time>1970-01-01T00:00:01.000Z</time></trkpt>
			<trkpt lat="54.446851" lon="27.195906"><time>1970-01-01T00:00:01.000Z</time></trkpt>
			<trkpt lat="54.445542" lon="27.195262"><time>1970-01-01T00:00:01.000Z</time></trkpt>
			<trkpt lat="54.442881" lon="27.193782"><time>1970-01-01T00:00:01.000Z</time></trkpt>
			<trkpt lat="54.442559" lon="27.193631"><time>1970-01-01T00:00:01.000Z</time></trkpt>
			<trkpt lat="54.442280" lon="27.193610"><time>1970-01-01T00:00:01.000Z</time></trkpt>
			<trkpt lat="54.441486" lon="27.193760"><time>1970-01-01T00:00:01.000Z</time></trkpt>
			<trkpt lat="54.440628" lon="27.193975"><time>1970-01-01T00:00:01.000Z</time></trkpt>
			<trkpt lat="54.439491" lon="27.194382"><time>1970-01-01T00:00:01.000Z</time></trkpt>
			<trkpt lat="54.439147" lon="27.194447"><time>1970-01-01T00:00:01.000Z</time></trkpt>
			<trkpt lat="54.438933" lon="27.194447"><time>1970-01-01T00:00:01.000Z</time></trkpt>
			<trkpt lat="54.438718" lon="27.194382"><time>1970-01-01T00:00:01.000Z</time></trkpt>
			<trkpt lat="54.438396" lon="27.194103"><time>1970-01-01T00:00:01.000Z</time></trkpt>
			<trkpt lat="54.437517" lon="27.192408"><time>1970-01-01T00:00:01.000Z</time></trkpt>
			<trkpt lat="54.437002" lon="27.191700"><time>1970-01-01T00:00:01.000Z</time></trkpt>
			<trkpt lat="54.436358" lon="27.191099"><time>1970-01-01T00:00:01.000Z</time></trkpt>
			<trkpt lat="54.431852" lon="27.190220"><time>1970-01-01T00:00:01.000Z</time></trkpt>
			<trkpt lat="54.431337" lon="27.190220"><time>1970-01-01T00:00:01.000Z</time></trkpt>
			<trkpt lat="54.430843" lon="27.190499"><time>1970-01-01T00:00:01.000Z</time></trkpt>
			<trkpt lat="54.429084" lon="27.192258"><time>1970-01-01T00:00:01.000Z</time></trkpt>
			<trkpt lat="54.428590" lon="27.192923"><time>1970-01-01T00:00:01.000Z</time></trkpt>
			<trkpt lat="54.428075" lon="27.193739"><time>1970-01-01T00:00:01.000Z</time></trkpt>
			<trkpt lat="54.427110" lon="27.185928"><time>1970-01-01T00:00:01.000Z</time></trkpt>
			<trkpt lat="54.426809" lon="27.184748"><time>1970-01-01T00:00:01.000Z</time></trkpt>
			<trkpt lat="54.426595" lon="27.184126"><time>1970-01-01T00:00:01.000Z</time></trkpt>
			<trkpt lat="54.426337" lon="27.183568"><time>1970-01-01T00:00:01.000Z</time></trkpt>
			<trkpt lat="54.425350" lon="27.181679"><time>1970-01-01T00:00:01.000Z</time></trkpt>
			<trkpt lat="54.422046" lon="27.175693"><time>1970-01-01T00:00:01.000Z</time></trkpt>
			<trkpt lat="54.420458" lon="27.172345"><time>1970-01-01T00:00:01.000Z</time></trkpt>
			<trkpt lat="54.420072" lon="27.171659"><time>1970-01-01T00:00:01.000Z</time></trkpt>
			<trkpt lat="54.419599" lon="27.170951"><time>1970-01-01T00:00:01.000Z</time></trkpt>
			<trkpt lat="54.418655" lon="27.169706"><time>1970-01-01T00:00:01.000Z</time></trkpt>
			<trkpt lat="54.418484" lon="27.169770"><time>1970-01-01T00:00:01.000Z</time></trkpt>
			<trkpt lat="54.417346" lon="27.170994"><time>1970-01-01T00:00:01.000Z</time></trkpt>
			<trkpt lat="54.414600" lon="27.174234"><time>1970-01-01T00:00:01.000Z</time></trkpt>
			<trkpt lat="54.411810" lon="27.177431"><time>1970-01-01T00:00:01.000Z</time></trkpt>
			<trkpt lat="54.411488" lon="27.177860"><time>1970-01-01T00:00:01.000Z</time></trkpt>
			<trkpt lat="54.410180" lon="27.179362"><time>1970-01-01T00:00:01.000Z</time></trkpt>
			<trkpt lat="54.410029" lon="27.179791"><time>1970-01-01T00:00:01.000Z</time></trkpt>
			<trkpt lat="54.410008" lon="27.180177"><time>1970-01-01T00:00:01.000Z</time></trkpt>
			<trkpt lat="54.410222" lon="27.181765"><time>1970-01-01T00:00:01.000Z</time></trkpt>
			<trkpt lat="54.408656" lon="27.186228"><time>1970-01-01T00:00:01.000Z</time></trkpt>
			<trkpt lat="54.406253" lon="27.192709"><time>1970-01-01T00:00:01.000Z</time></trkpt>
			<trkpt lat="54.405309" lon="27.195520"><time>1970-01-01T00:00:01.000Z</time></trkpt>
			<trkpt lat="54.405158" lon="27.195820"><time>1970-01-01T00:00:01.000Z</time></trkpt>
			<trkpt lat="54.404729" lon="27.196399"><time>1970-01-01T00:00:01.000Z</time></trkpt>
			<trkpt lat="54.404214" lon="27.196936"><time>1970-01-01T00:00:01.000Z</time></trkpt>
			<trkpt lat="54.403850" lon="27.197236"><time>1970-01-01T00:00:01.000Z</time></trkpt>
			<trkpt lat="54.403249" lon="27.197622"><time>1970-01-01T00:00:01.000Z</time></trkpt>
			<trkpt lat="54.403034" lon="27.197837"><time>1970-01-01T00:00:01.000Z</time></trkpt>
			<trkpt lat="54.401961" lon="27.199983"><time>1970-01-01T00:00:01.000Z</time></trkpt>
			<trkpt lat="54.401811" lon="27.200197"><time>1970-01-01T00:00:01.000Z</time></trkpt>
			<trkpt lat="54.401618" lon="27.200369"><time>1970-01-01T00:00:01.000Z</time></trkpt>
			<trkpt lat="54.401446" lon="27.200433"><time>1970-01-01T00:00:01.000Z</time></trkpt>
			<trkpt lat="54.400609" lon="27.200391"><time>1970-01-01T00:00:01.000Z</time></trkpt>
			<trkpt lat="54.399129" lon="27.200219"><time>1970-01-01T00:00:01.000Z</time></trkpt>
			<trkpt lat="54.398700" lon="27.200112"><time>1970-01-01T00:00:01.000Z</time></trkpt>
			<trkpt lat="54.398185" lon="27.199833"><time>1970-01-01T00:00:01.000Z</time></trkpt>
			<trkpt lat="54.394430" lon="27.196485"><time>1970-01-01T00:00:01.000Z</time></trkpt>
			<trkpt lat="54.385782" lon="27.188997"><time>1970-01-01T00:00:01.000Z</time></trkpt>
			<trkpt lat="54.383529" lon="27.186701"><time>1970-01-01T00:00:01.000Z</time></trkpt>
			<trkpt lat="54.379238" lon="27.181529"><time>1970-01-01T00:00:01.000Z</time></trkpt>
			<trkpt lat="54.378572" lon="27.180628"><time>1970-01-01T00:00:01.000Z</time></trkpt>
			<trkpt lat="54.377328" lon="27.177538"><time>1970-01-01T00:00:01.000Z</time></trkpt>
			<trkpt lat="54.374216" lon="27.182924"><time>1970-01-01T00:00:01.000Z</time></trkpt>
			<trkpt lat="54.370118" lon="27.190177"><time>1970-01-01T00:00:01.000Z</time></trkpt>
			<trkpt lat="54.369946" lon="27.190348"><time>1970-01-01T00:00:01.000Z</time></trkpt>
			<trkpt lat="54.369195" lon="27.190735"><time>1970-01-01T00:00:01.000Z</time></trkpt>
			<trkpt lat="54.368530" lon="27.191014"><time>1970-01-01T00:00:01.000Z</time></trkpt>
			<trkpt lat="54.367994" lon="27.191164"><time>1970-01-01T00:00:01.000Z</time></trkpt>
			<trkpt lat="54.358209" lon="27.192344"><time>1970-01-01T00:00:01.000Z</time></trkpt>
			<trkpt lat="54.356814" lon="27.192430"><time>1970-01-01T00:00:01.000Z</time></trkpt>
			<trkpt lat="54.356492" lon="27.192623"><time>1970-01-01T00:00:01.000Z</time></trkpt>
			<trkpt lat="54.356321" lon="27.192129"><time>1970-01-01T00:00:01.000Z</time></trkpt>
			<trkpt lat="54.356149" lon="27.191421"><time>1970-01-01T00:00:01.000Z</time></trkpt>
			<trkpt lat="54.355698" lon="27.190112"><time>1970-01-01T00:00:01.000Z</time></trkpt>
			<trkpt lat="54.354754" lon="27.187988"><time>1970-01-01T00:00:01.000Z</time></trkpt>
			<trkpt lat="54.353102" lon="27.190263"><time>1970-01-01T00:00:01.000Z</time></trkpt>
			<trkpt lat="54.352566" lon="27.191292"><time>1970-01-01T00:00:01.000Z</time></trkpt>
			<trkpt lat="54.351214" lon="27.193417"><time>1970-01-01T00:00:01.000Z</time></trkpt>
			<trkpt lat="54.348660" lon="27.197108"><time>1970-01-01T00:00:01.000Z</time></trkpt>
			<trkpt lat="54.348145" lon="27.196635"><time>1970-01-01T00:00:01.000Z</time></trkpt>
			<trkpt lat="54.343532" lon="27.189833"><time>1970-01-01T00:00:01.000Z</time></trkpt>
			<trkpt lat="54.338661" lon="27.182795"><time>1970-01-01T00:00:01.000Z</time></trkpt>
			<trkpt lat="54.338318" lon="27.182194"><time>1970-01-01T00:00:01.000Z</time></trkpt>
			<trkpt lat="54.337095" lon="27.180413"><time>1970-01-01T00:00:01.000Z</time></trkpt>
			<trkpt lat="54.336236" lon="27.179190"><time>1970-01-01T00:00:01.000Z</time></trkpt>
			<trkpt lat="54.335485" lon="27.178332"><time>1970-01-01T00:00:01.000Z</time></trkpt>
			<trkpt lat="54.335400" lon="27.178439"><time>1970-01-01T00:00:01.000Z</time></trkpt>
			<trkpt lat="54.335378" lon="27.178590"><time>1970-01-01T00:00:01.000Z</time></trkpt>
			<trkpt lat="54.335550" lon="27.179362"><time>1970-01-01T00:00:01.000Z</time></trkpt>
			<trkpt lat="54.335528" lon="27.180156"><time>1970-01-01T00:00:01.000Z</time></trkpt>
			<trkpt lat="54.335571" lon="27.180821"><time>1970-01-01T00:00:01.000Z</time></trkpt>
			<trkpt lat="54.335507" lon="27.182774"><time>1970-01-01T00:00:01.000Z</time></trkpt>
			<trkpt lat="54.335636" lon="27.184426"><time>1970-01-01T00:00:01.000Z</time></trkpt>
			<trkpt lat="54.335636" lon="27.184641"><time>1970-01-01T00:00:01.000Z</time></trkpt>
			<trkpt lat="54.335528" lon="27.184834"><time>1970-01-01T00:00:01.000Z</time></trkpt>
			<trkpt lat="54.335035" lon="27.184812"><time>1970-01-01T00:00:01.000Z</time></trkpt>
			<trkpt lat="54.334005" lon="27.185585"><time>1970-01-01T00:00:01.000Z</time></trkpt>
			<trkpt lat="54.333576" lon="27.185950"><time>1970-01-01T00:00:01.000Z</time></trkpt>
			<trkpt lat="54.332782" lon="27.185778"><time>1970-01-01T00:00:01.000Z</time></trkpt>
			<trkpt lat="54.332653" lon="27.185671"><time>1970-01-01T00:00:01.000Z</time></trkpt>
			<trkpt lat="54.332353" lon="27.185284"><time>1970-01-01T00:00:01.000Z</time></trkpt>
			<trkpt lat="54.331988" lon="27.184962"><time>1970-01-01T00:00:01.000Z</time></trkpt>
			<trkpt lat="54.331687" lon="27.184769"><time>1970-01-01T00:00:01.000Z</time></trkpt>
			<trkpt lat="54.330979" lon="27.184748"><time>1970-01-01T00:00:01.000Z</time></trkpt>
			<trkpt lat="54.330464" lon="27.185005"><time>1970-01-01T00:00:01.000Z</time></trkpt>
			<trkpt lat="54.329263" lon="27.186400"><time>1970-01-01T00:00:01.000Z</time></trkpt>
			<trkpt lat="54.329070" lon="27.186851"><time>1970-01-01T00:00:01.000Z</time></trkpt>
			<trkpt lat="54.328941" lon="27.187452"><time>1970-01-01T00:00:01.000Z</time></trkpt>
			<trkpt lat="54.328833" lon="27.187731"><time>1970-01-01T00:00:01.000Z</time></trkpt>
			<trkpt lat="54.328683" lon="27.187924"><time>1970-01-01T00:00:01.000Z</time></trkpt>
			<trkpt lat="54.327653" lon="27.188610"><time>1970-01-01T00:00:01.000Z</time></trkpt>
			<trkpt lat="54.326967" lon="27.189490"><time>1970-01-01T00:00:01.000Z</time></trkpt>
			<trkpt lat="54.326559" lon="27.190348"><time>1970-01-01T00:00:01.000Z</time></trkpt>
			<trkpt lat="54.326065" lon="27.191185"><time>1970-01-01T00:00:01.000Z</time></trkpt>
			<trkpt lat="54.324478" lon="27.193181"><time>1970-01-01T00:00:01.000Z</time></trkpt>
			<trkpt lat="54.323619" lon="27.194983"><time>1970-01-01T00:00:01.000Z</time></trkpt>
			<trkpt lat="54.322804" lon="27.197751"><time>1970-01-01T00:00:01.000Z</time></trkpt>
			<trkpt lat="54.322654" lon="27.198030"><time>1970-01-01T00:00:01.000Z</time></trkpt>
			<trkpt lat="54.322117" lon="27.198610"><time>1970-01-01T00:00:01.000Z</time></trkpt>
			<trkpt lat="54.321667" lon="27.199210"><time>1970-01-01T00:00:01.000Z</time></trkpt>
			<trkpt lat="54.321409" lon="27.199425"><time>1970-01-01T00:00:01.000Z</time></trkpt>
			<trkpt lat="54.320916" lon="27.199468"><time>1970-01-01T00:00:01.000Z</time></trkpt>
			<trkpt lat="54.319800" lon="27.199682"><time>1970-01-01T00:00:01.000Z</time></trkpt>
			<trkpt lat="54.319306" lon="27.199403"><time>1970-01-01T00:00:01.000Z</time></trkpt>
			<trkpt lat="54.318984" lon="27.199125"><time>1970-01-01T00:00:01.000Z</time></trkpt>
			<trkpt lat="54.318062" lon="27.199039"><time>1970-01-01T00:00:01.000Z</time></trkpt>
			<trkpt lat="54.317804" lon="27.199210"><time>1970-01-01T00:00:01.000Z</time></trkpt>
			<trkpt lat="54.317525" lon="27.199339"><time>1970-01-01T00:00:01.000Z</time></trkpt>
			<trkpt lat="54.317010" lon="27.199790"><time>1970-01-01T00:00:01.000Z</time></trkpt>
			<trkpt lat="54.316667" lon="27.199940"><time>1970-01-01T00:00:01.000Z</time></trkpt>
			<trkpt lat="54.316517" lon="27.199940"><time>1970-01-01T00:00:01.000Z</time></trkpt>
			<trkpt lat="54.316517" lon="27.203438"><time>1970-01-01T00:00:01.000Z</time></trkpt>
			<trkpt lat="54.316216" lon="27.203759"><time>1970-01-01T00:00:01.000Z</time></trkpt>
			<trkpt lat="54.313877" lon="27.207300"><time>1970-01-01T00:00:01.000Z</time></trkpt>
			<trkpt lat="54.313384" lon="27.207901"><time>1970-01-01T00:00:01.000Z</time></trkpt>
			<trkpt lat="54.311839" lon="27.208995"><time>1970-01-01T00:00:01.000Z</time></trkpt>
			<trkpt lat="54.310208" lon="27.210089"><time>1970-01-01T00:00:01.000Z</time></trkpt>
			<trkpt lat="54.309522" lon="27.210304"><time>1970-01-01T00:00:01.000Z</time></trkpt>
			<trkpt lat="54.306861" lon="27.210819"><time>1970-01-01T00:00:01.000Z</time></trkpt>
			<trkpt lat="54.306131" lon="27.211162"><time>1970-01-01T00:00:01.000Z</time></trkpt>
			<trkpt lat="54.305509" lon="27.211699"><time>1970-01-01T00:00:01.000Z</time></trkpt>
			<trkpt lat="54.305037" lon="27.211956"><time>1970-01-01T00:00:01.000Z</time></trkpt>
			<trkpt lat="54.304436" lon="27.212385"><time>1970-01-01T00:00:01.000Z</time></trkpt>
			<trkpt lat="54.303642" lon="27.212772"><time>1970-01-01T00:00:01.000Z</time></trkpt>
			<trkpt lat="54.303385" lon="27.212815"><time>1970-01-01T00:00:01.000Z</time></trkpt>
			<trkpt lat="54.303170" lon="27.212793"><time>1970-01-01T00:00:01.000Z</time></trkpt>
			<trkpt lat="54.302870" lon="27.212707"><time>1970-01-01T00:00:01.000Z</time></trkpt>
			<trkpt lat="54.302719" lon="27.212750"><time>1970-01-01T00:00:01.000Z</time></trkpt>
			<trkpt lat="54.302505" lon="27.213008"><time>1970-01-01T00:00:01.000Z</time></trkpt>
			<trkpt lat="54.302333" lon="27.213308"><time>1970-01-01T00:00:01.000Z</time></trkpt>
			<trkpt lat="54.302205" lon="27.213716"><time>1970-01-01T00:00:01.000Z</time></trkpt>
			<trkpt lat="54.301947" lon="27.213673"><time>1970-01-01T00:00:01.000Z</time></trkpt>
			<trkpt lat="54.299351" lon="27.214123"><time>1970-01-01T00:00:01.000Z</time></trkpt>
			<trkpt lat="54.298750" lon="27.213995"><time>1970-01-01T00:00:01.000Z</time></trkpt>
			<trkpt lat="54.294587" lon="27.212321"><time>1970-01-01T00:00:01.000Z</time></trkpt>
			<trkpt lat="54.292484" lon="27.211377"><time>1970-01-01T00:00:01.000Z</time></trkpt>
			<trkpt lat="54.290360" lon="27.210304"><time>1970-01-01T00:00:01.000Z</time></trkpt>
			<trkpt lat="54.289180" lon="27.208630"><time>1970-01-01T00:00:01.000Z</time></trkpt>
			<trkpt lat="54.288793" lon="27.208180"><time>1970-01-01T00:00:01.000Z</time></trkpt>
			<trkpt lat="54.287227" lon="27.209145"><time>1970-01-01T00:00:01.000Z</time></trkpt>
			<trkpt lat="54.284910" lon="27.208673"><time>1970-01-01T00:00:01.000Z</time></trkpt>
			<trkpt lat="54.284202" lon="27.208373"><time>1970-01-01T00:00:01.000Z</time></trkpt>
			<trkpt lat="54.284051" lon="27.208373"><time>1970-01-01T00:00:01.000Z</time></trkpt>
			<trkpt lat="54.282893" lon="27.208695"><time>1970-01-01T00:00:01.000Z</time></trkpt>
			<trkpt lat="54.282506" lon="27.208845"><time>1970-01-01T00:00:01.000Z</time></trkpt>
			<trkpt lat="54.281970" lon="27.208995"><time>1970-01-01T00:00:01.000Z</time></trkpt>
			<trkpt lat="54.281476" lon="27.209059"><time>1970-01-01T00:00:01.000Z</time></trkpt>
			<trkpt lat="54.279738" lon="27.209188"><time>1970-01-01T00:00:01.000Z</time></trkpt>
			<trkpt lat="54.277957" lon="27.209424"><time>1970-01-01T00:00:01.000Z</time></trkpt>
			<trkpt lat="54.277464" lon="27.209403"><time>1970-01-01T00:00:01.000Z</time></trkpt>
			<trkpt lat="54.276927" lon="27.209317"><time>1970-01-01T00:00:01.000Z</time></trkpt>
			<trkpt lat="54.275103" lon="27.208759"><time>1970-01-01T00:00:01.000Z</time></trkpt>
			<trkpt lat="54.274438" lon="27.208265"><time>1970-01-01T00:00:01.000Z</time></trkpt>
			<trkpt lat="54.272872" lon="27.207643"><time>1970-01-01T00:00:01.000Z</time></trkpt>
			<trkpt lat="54.272228" lon="27.207665"><time>1970-01-01T00:00:01.000Z</time></trkpt>
			<trkpt lat="54.271563" lon="27.207751"><time>1970-01-01T00:00:01.000Z</time></trkpt>
			<trkpt lat="54.270962" lon="27.207772"><time>1970-01-01T00:00:01.000Z</time></trkpt>
			<trkpt lat="54.270297" lon="27.207944"><time>1970-01-01T00:00:01.000Z</time></trkpt>
			<trkpt lat="54.269718" lon="27.208180"><time>1970-01-01T00:00:01.000Z</time></trkpt>
			<trkpt lat="54.269889" lon="27.209124"><time>1970-01-01T00:00:01.000Z</time></trkpt>
			<trkpt lat="54.269889" lon="27.209231"><time>1970-01-01T00:00:01.000Z</time></trkpt>
			<trkpt lat="54.269825" lon="27.209360"><time>1970-01-01T00:00:01.000Z</time></trkpt>
			<trkpt lat="54.269524" lon="27.209295"><time>1970-01-01T00:00:01.000Z</time></trkpt>
			<trkpt lat="54.267422" lon="27.209210"><time>1970-01-01T00:00:01.000Z</time></trkpt>
			<trkpt lat="54.265791" lon="27.209253"><time>1970-01-01T00:00:01.000Z</time></trkpt>
			<trkpt lat="54.265340" lon="27.209360"><time>1970-01-01T00:00:01.000Z</time></trkpt>
			<trkpt lat="54.263581" lon="27.210690"><time>1970-01-01T00:00:01.000Z</time></trkpt>
			<trkpt lat="54.262830" lon="27.211892"><time>1970-01-01T00:00:01.000Z</time></trkpt>
			<trkpt lat="54.261413" lon="27.214681"><time>1970-01-01T00:00:01.000Z</time></trkpt>
			<trkpt lat="54.261285" lon="27.214917"><time>1970-01-01T00:00:01.000Z</time></trkpt>
			<trkpt lat="54.261177" lon="27.215025"><time>1970-01-01T00:00:01.000Z</time></trkpt>
			<trkpt lat="54.261006" lon="27.215089"><time>1970-01-01T00:00:01.000Z</time></trkpt>
			<trkpt lat="54.260298" lon="27.215218"><time>1970-01-01T00:00:01.000Z</time></trkpt>
			<trkpt lat="54.257894" lon="27.215904"><time>1970-01-01T00:00:01.000Z</time></trkpt>
			<trkpt lat="54.257701" lon="27.216055"><time>1970-01-01T00:00:01.000Z</time></trkpt>
			<trkpt lat="54.257615" lon="27.216248"><time>1970-01-01T00:00:01.000Z</time></trkpt>
			<trkpt lat="54.257036" lon="27.219445"><time>1970-01-01T00:00:01.000Z</time></trkpt>
			<trkpt lat="54.248088" lon="27.230174"><time>1970-01-01T00:00:01.000Z</time></trkpt>
			<trkpt lat="54.247938" lon="27.230281"><time>1970-01-01T00:00:01.000Z</time></trkpt>
			<trkpt lat="54.246908" lon="27.230410"><time>1970-01-01T00:00:01.000Z</time></trkpt>
			<trkpt lat="54.246801" lon="27.230496"><time>1970-01-01T00:00:01.000Z</time></trkpt>
			<trkpt lat="54.246479" lon="27.230925"><time>1970-01-01T00:00:01.000Z</time></trkpt>
			<trkpt lat="54.245535" lon="27.232041"><time>1970-01-01T00:00:01.000Z</time></trkpt>
			<trkpt lat="54.245170" lon="27.232598"><time>1970-01-01T00:00:01.000Z</time></trkpt>
			<trkpt lat="54.244204" lon="27.234337"><time>1970-01-01T00:00:01.000Z</time></trkpt>
			<trkpt lat="54.243990" lon="27.234508"><time>1970-01-01T00:00:01.000Z</time></trkpt>
			<trkpt lat="54.243775" lon="27.234852"><time>1970-01-01T00:00:01.000Z</time></trkpt>
			<trkpt lat="54.243689" lon="27.235131"><time>1970-01-01T00:00:01.000Z</time></trkpt>
			<trkpt lat="54.243518" lon="27.235431"><time>1970-01-01T00:00:01.000Z</time></trkpt>
			<trkpt lat="54.243368" lon="27.235560"><time>1970-01-01T00:00:01.000Z</time></trkpt>
			<trkpt lat="54.243282" lon="27.235581"><time>1970-01-01T00:00:01.000Z</time></trkpt>
			<trkpt lat="54.240836" lon="27.234594"><time>1970-01-01T00:00:01.000Z</time></trkpt>
			<trkpt lat="54.240256" lon="27.234444"><time>1970-01-01T00:00:01.000Z</time></trkpt>
			<trkpt lat="54.239870" lon="27.234444"><time>1970-01-01T00:00:01.000Z</time></trkpt>
			<trkpt lat="54.239226" lon="27.234701"><time>1970-01-01T00:00:01.000Z</time></trkpt>
			<trkpt lat="54.239097" lon="27.234701"><time>1970-01-01T00:00:01.000Z</time></trkpt>
			<trkpt lat="54.238668" lon="27.234530"><time>1970-01-01T00:00:01.000Z</time></trkpt>
			<trkpt lat="54.238518" lon="27.234508"><time>1970-01-01T00:00:01.000Z</time></trkpt>
			<trkpt lat="54.238110" lon="27.234616"><time>1970-01-01T00:00:01.000Z</time></trkpt>
			<trkpt lat="54.237789" lon="27.234637"><time>1970-01-01T00:00:01.000Z</time></trkpt>
			<trkpt lat="54.237016" lon="27.234830"><time>1970-01-01T00:00:01.000Z</time></trkpt>
			<trkpt lat="54.236051" lon="27.234937"><time>1970-01-01T00:00:01.000Z</time></trkpt>
			<trkpt lat="54.235536" lon="27.235131"><time>1970-01-01T00:00:01.000Z</time></trkpt>
			<trkpt lat="54.234956" lon="27.235259"><time>1970-01-01T00:00:01.000Z</time></trkpt>
			<trkpt lat="54.234784" lon="27.235388"><time>1970-01-01T00:00:01.000Z</time></trkpt>
			<trkpt lat="54.234763" lon="27.236032"><time>1970-01-01T00:00:01.000Z</time></trkpt>
			<trkpt lat="54.234720" lon="27.236311"><time>1970-01-01T00:00:01.000Z</time></trkpt>
			<trkpt lat="54.234656" lon="27.236439"><time>1970-01-01T00:00:01.000Z</time></trkpt>
			<trkpt lat="54.234484" lon="27.236525"><time>1970-01-01T00:00:01.000Z</time></trkpt>
			<trkpt lat="54.234291" lon="27.236397"><time>1970-01-01T00:00:01.000Z</time></trkpt>
			<trkpt lat="54.234098" lon="27.236075"><time>1970-01-01T00:00:01.000Z</time></trkpt>
			<trkpt lat="54.234033" lon="27.235903"><time>1970-01-01T00:00:01.000Z</time></trkpt>
			<trkpt lat="54.234033" lon="27.235452"><time>1970-01-01T00:00:01.000Z</time></trkpt>
			<trkpt lat="54.233948" lon="27.235302"><time>1970-01-01T00:00:01.000Z</time></trkpt>
			<trkpt lat="54.232939" lon="27.234766"><time>1970-01-01T00:00:01.000Z</time></trkpt>
			<trkpt lat="54.232617" lon="27.234723"><time>1970-01-01T00:00:01.000Z</time></trkpt>
			<trkpt lat="54.232531" lon="27.234680"><time>1970-01-01T00:00:01.000Z</time></trkpt>
			<trkpt lat="54.232231" lon="27.233993"><time>1970-01-01T00:00:01.000Z</time></trkpt>
			<trkpt lat="54.231630" lon="27.233650"><time>1970-01-01T00:00:01.000Z</time></trkpt>
			<trkpt lat="54.231459" lon="27.233500"><time>1970-01-01T00:00:01.000Z</time></trkpt>
			<trkpt lat="54.230472" lon="27.232534"><time>1970-01-01T00:00:01.000Z</time></trkpt>
			<trkpt lat="54.229892" lon="27.231890"><time>1970-01-01T00:00:01.000Z</time></trkpt>
			<trkpt lat="54.229806" lon="27.231869"><time>1970-01-01T00:00:01.000Z</time></trkpt>
			<trkpt lat="54.229699" lon="27.231912"><time>1970-01-01T00:00:01.000Z</time></trkpt>
			<trkpt lat="54.228390" lon="27.232792"><time>1970-01-01T00:00:01.000Z</time></trkpt>
			<trkpt lat="54.228154" lon="27.232877"><time>1970-01-01T00:00:01.000Z</time></trkpt>
			<trkpt lat="54.227253" lon="27.232620"><time>1970-01-01T00:00:01.000Z</time></trkpt>
			<trkpt lat="54.226545" lon="27.232234"><time>1970-01-01T00:00:01.000Z</time></trkpt>
			<trkpt lat="54.226330" lon="27.232169"><time>1970-01-01T00:00:01.000Z</time></trkpt>
			<trkpt lat="54.225686" lon="27.232105"><time>1970-01-01T00:00:01.000Z</time></trkpt>
			<trkpt lat="54.225450" lon="27.232041"><time>1970-01-01T00:00:01.000Z</time></trkpt>
			<trkpt lat="54.222875" lon="27.230989"><time>1970-01-01T00:00:01.000Z</time></trkpt>
			<trkpt lat="54.221524" lon="27.230624"><time>1970-01-01T00:00:01.000Z</time></trkpt>
			<trkpt lat="54.220901" lon="27.230496"><time>1970-01-01T00:00:01.000Z</time></trkpt>
			<trkpt lat="54.220172" lon="27.230453"><time>1970-01-01T00:00:01.000Z</time></trkpt>
			<trkpt lat="54.219485" lon="27.230496"><time>1970-01-01T00:00:01.000Z</time></trkpt>
			<trkpt lat="54.218284" lon="27.230496"><time>1970-01-01T00:00:01.000Z</time></trkpt>
			<trkpt lat="54.217211" lon="27.230410"><time>1970-01-01T00:00:01.000Z</time></trkpt>
			<trkpt lat="54.216030" lon="27.230474"><time>1970-01-01T00:00:01.000Z</time></trkpt>
			<trkpt lat="54.215473" lon="27.230431"><time>1970-01-01T00:00:01.000Z</time></trkpt>
			<trkpt lat="54.214850" lon="27.230496"><time>1970-01-01T00:00:01.000Z</time></trkpt>
			<trkpt lat="54.214571" lon="27.230624"><time>1970-01-01T00:00:01.000Z</time></trkpt>
			<trkpt lat="54.213971" lon="27.231032"><time>1970-01-01T00:00:01.000Z</time></trkpt>
			<trkpt lat="54.212662" lon="27.231440"><time>1970-01-01T00:00:01.000Z</time></trkpt>
			<trkpt lat="54.211975" lon="27.231526"><time>1970-01-01T00:00:01.000Z</time></trkpt>
			<trkpt lat="54.210387" lon="27.231547"><time>1970-01-01T00:00:01.000Z</time></trkpt>
			<trkpt lat="54.209786" lon="27.232148"><time>1970-01-01T00:00:01.000Z</time></trkpt>
			<trkpt lat="54.209143" lon="27.233285"><time>1970-01-01T00:00:01.000Z</time></trkpt>
			<trkpt lat="54.208628" lon="27.233800"><time>1970-01-01T00:00:01.000Z</time></trkpt>
			<trkpt lat="54.208434" lon="27.233929"><time>1970-01-01T00:00:01.000Z</time></trkpt>
			<trkpt lat="54.206203" lon="27.234916"><time>1970-01-01T00:00:01.000Z</time></trkpt>
			<trkpt lat="54.203220" lon="27.236096"><time>1970-01-01T00:00:01.000Z</time></trkpt>
			<trkpt lat="54.202383" lon="27.236718"><time>1970-01-01T00:00:01.000Z</time></trkpt>
			<trkpt lat="54.201182" lon="27.237083"><time>1970-01-01T00:00:01.000Z</time></trkpt>
			<trkpt lat="54.200645" lon="27.237148"><time>1970-01-01T00:00:01.000Z</time></trkpt>
			<trkpt lat="54.200023" lon="27.237062"><time>1970-01-01T00:00:01.000Z</time></trkpt>
			<trkpt lat="54.199551" lon="27.237448"><time>1970-01-01T00:00:01.000Z</time></trkpt>
			<trkpt lat="54.198736" lon="27.237663"><time>1970-01-01T00:00:01.000Z</time></trkpt>
			<trkpt lat="54.198113" lon="27.237984"><time>1970-01-01T00:00:01.000Z</time></trkpt>
			<trkpt lat="54.197620" lon="27.238049"><time>1970-01-01T00:00:01.000Z</time></trkpt>
			<trkpt lat="54.196826" lon="27.238070"><time>1970-01-01T00:00:01.000Z</time></trkpt>
			<trkpt lat="54.196568" lon="27.237899"><time>1970-01-01T00:00:01.000Z</time></trkpt>
			<trkpt lat="54.196247" lon="27.237791"><time>1970-01-01T00:00:01.000Z</time></trkpt>
			<trkpt lat="54.195817" lon="27.237920"><time>1970-01-01T00:00:01.000Z</time></trkpt>
			<trkpt lat="54.195388" lon="27.237984"><time>1970-01-01T00:00:01.000Z</time></trkpt>
			<trkpt lat="54.194895" lon="27.238177"><time>1970-01-01T00:00:01.000Z</time></trkpt>
			<trkpt lat="54.194744" lon="27.238177"><time>1970-01-01T00:00:01.000Z</time></trkpt>
			<trkpt lat="54.194144" lon="27.238006"><time>1970-01-01T00:00:01.000Z</time></trkpt>
			<trkpt lat="54.193543" lon="27.237663"><time>1970-01-01T00:00:01.000Z</time></trkpt>
			<trkpt lat="54.193393" lon="27.237534"><time>1970-01-01T00:00:01.000Z</time></trkpt>
			<trkpt lat="54.193135" lon="27.237040"><time>1970-01-01T00:00:01.000Z</time></trkpt>
			<trkpt lat="54.192706" lon="27.236740"><time>1970-01-01T00:00:01.000Z</time></trkpt>
			<trkpt lat="54.192513" lon="27.236439"><time>1970-01-01T00:00:01.000Z</time></trkpt>
			<trkpt lat="54.192170" lon="27.236075"><time>1970-01-01T00:00:01.000Z</time></trkpt>
			<trkpt lat="54.191998" lon="27.236160"><time>1970-01-01T00:00:01.000Z</time></trkpt>
			<trkpt lat="54.191719" lon="27.236182"><time>1970-01-01T00:00:01.000Z</time></trkpt>
			<trkpt lat="54.191247" lon="27.235967"><time>1970-01-01T00:00:01.000Z</time></trkpt>
			<trkpt lat="54.190861" lon="27.235603"><time>1970-01-01T00:00:01.000Z</time></trkpt>
			<trkpt lat="54.190582" lon="27.235495"><time>1970-01-01T00:00:01.000Z</time></trkpt>
			<trkpt lat="54.189895" lon="27.235517"><time>1970-01-01T00:00:01.000Z</time></trkpt>
			<trkpt lat="54.189316" lon="27.235367"><time>1970-01-01T00:00:01.000Z</time></trkpt>
			<trkpt lat="54.188844" lon="27.235324"><time>1970-01-01T00:00:01.000Z</time></trkpt>
			<trkpt lat="54.188586" lon="27.235195"><time>1970-01-01T00:00:01.000Z</time></trkpt>
			<trkpt lat="54.188093" lon="27.234723"><time>1970-01-01T00:00:01.000Z</time></trkpt>
			<trkpt lat="54.187213" lon="27.234015"><time>1970-01-01T00:00:01.000Z</time></trkpt>
			<trkpt lat="54.186870" lon="27.233822"><time>1970-01-01T00:00:01.000Z</time></trkpt>
			<trkpt lat="54.186483" lon="27.233693"><time>1970-01-01T00:00:01.000Z</time></trkpt>
			<trkpt lat="54.186097" lon="27.233457"><time>1970-01-01T00:00:01.000Z</time></trkpt>
			<trkpt lat="54.185775" lon="27.233113"><time>1970-01-01T00:00:01.000Z</time></trkpt>
			<trkpt lat="54.184831" lon="27.231440"><time>1970-01-01T00:00:01.000Z</time></trkpt>
			<trkpt lat="54.184445" lon="27.230646"><time>1970-01-01T00:00:01.000Z</time></trkpt>
			<trkpt lat="54.184187" lon="27.229830"><time>1970-01-01T00:00:01.000Z</time></trkpt>
			<trkpt lat="54.183951" lon="27.228800"><time>1970-01-01T00:00:01.000Z</time></trkpt>
			<trkpt lat="54.183758" lon="27.228200"><time>1970-01-01T00:00:01.000Z</time></trkpt>
			<trkpt lat="54.183479" lon="27.227577"><time>1970-01-01T00:00:01.000Z</time></trkpt>
			<trkpt lat="54.183265" lon="27.227191"><time>1970-01-01T00:00:01.000Z</time></trkpt>
			<trkpt lat="54.182986" lon="27.226912"><time>1970-01-01T00:00:01.000Z</time></trkpt>
			<trkpt lat="54.182814" lon="27.226547"><time>1970-01-01T00:00:01.000Z</time></trkpt>
			<trkpt lat="54.178673" lon="27.212643"><time>1970-01-01T00:00:01.000Z</time></trkpt>
			<trkpt lat="54.178673" lon="27.212342"><time>1970-01-01T00:00:01.000Z</time></trkpt>
			<trkpt lat="54.180282" lon="27.208673"><time>1970-01-01T00:00:01.000Z</time></trkpt>
			<trkpt lat="54.180261" lon="27.208416"><time>1970-01-01T00:00:01.000Z</time></trkpt>
			<trkpt lat="54.178136" lon="27.205390"><time>1970-01-01T00:00:01.000Z</time></trkpt>
			<trkpt lat="54.176420" lon="27.203137"><time>1970-01-01T00:00:01.000Z</time></trkpt>
			<trkpt lat="54.175132" lon="27.205347"><time>1970-01-01T00:00:01.000Z</time></trkpt>
			<trkpt lat="54.172986" lon="27.209360"><time>1970-01-01T00:00:01.000Z</time></trkpt>
			<trkpt lat="54.171441" lon="27.212149"><time>1970-01-01T00:00:01.000Z</time></trkpt>
			<trkpt lat="54.171077" lon="27.211656"><time>1970-01-01T00:00:01.000Z</time></trkpt>
			<trkpt lat="54.171356" lon="27.211012"><time>1970-01-01T00:00:01.000Z</time></trkpt>
			<trkpt lat="54.171399" lon="27.210755"><time>1970-01-01T00:00:01.000Z</time></trkpt>
			<trkpt lat="54.171527" lon="27.207793"><time>1970-01-01T00:00:01.000Z</time></trkpt>
			<trkpt lat="54.171527" lon="27.206485"><time>1970-01-01T00:00:01.000Z</time></trkpt>
			<trkpt lat="54.171484" lon="27.203631"><time>1970-01-01T00:00:01.000Z</time></trkpt>
			<trkpt lat="54.171377" lon="27.201721"><time>1970-01-01T00:00:01.000Z</time></trkpt>
			<trkpt lat="54.171334" lon="27.199790"><time>1970-01-01T00:00:01.000Z</time></trkpt>
			<trkpt lat="54.171227" lon="27.199125"><time>1970-01-01T00:00:01.000Z</time></trkpt>
			<trkpt lat="54.170798" lon="27.198052"><time>1970-01-01T00:00:01.000Z</time></trkpt>
			<trkpt lat="54.170798" lon="27.197944"><time>1970-01-01T00:00:01.000Z</time></trkpt>
			<trkpt lat="54.170926" lon="27.197558"><time>1970-01-01T00:00:01.000Z</time></trkpt>
			<trkpt lat="54.170218" lon="27.196850"><time>1970-01-01T00:00:01.000Z</time></trkpt>
			<trkpt lat="54.169081" lon="27.195563"><time>1970-01-01T00:00:01.000Z</time></trkpt>
			<trkpt lat="54.165541" lon="27.192001"><time>1970-01-01T00:00:01.000Z</time></trkpt>
			<trkpt lat="54.164081" lon="27.190456"><time>1970-01-01T00:00:01.000Z</time></trkpt>
			<trkpt lat="54.163760" lon="27.190069"><time>1970-01-01T00:00:01.000Z</time></trkpt>
			<trkpt lat="54.163588" lon="27.189790"><time>1970-01-01T00:00:01.000Z</time></trkpt>
			<trkpt lat="54.163245" lon="27.188846"><time>1970-01-01T00:00:01.000Z</time></trkpt>
			<trkpt lat="54.163223" lon="27.188460"><time>1970-01-01T00:00:01.000Z</time></trkpt>
			<trkpt lat="54.163330" lon="27.188031"><time>1970-01-01T00:00:01.000Z</time></trkpt>
			<trkpt lat="54.164060" lon="27.186100"><time>1970-01-01T00:00:01.000Z</time></trkpt>
			<trkpt lat="54.163996" lon="27.185799"><time>1970-01-01T00:00:01.000Z</time></trkpt>
			<trkpt lat="54.163910" lon="27.185499"><time>1970-01-01T00:00:01.000Z</time></trkpt>
			<trkpt lat="54.162730" lon="27.183375"><time>1970-01-01T00:00:01.000Z</time></trkpt>
			<trkpt lat="54.162451" lon="27.182666"><time>1970-01-01T00:00:01.000Z</time></trkpt>
			<trkpt lat="54.161313" lon="27.179362"><time>1970-01-01T00:00:01.000Z</time></trkpt>
			<trkpt lat="54.160348" lon="27.175993"><time>1970-01-01T00:00:01.000Z</time></trkpt>
			<trkpt lat="54.159919" lon="27.174641"><time>1970-01-01T00:00:01.000Z</time></trkpt>
			<trkpt lat="54.159211" lon="27.172667"><time>1970-01-01T00:00:01.000Z</time></trkpt>
			<trkpt lat="54.159211" lon="27.172496"><time>1970-01-01T00:00:01.000Z</time></trkpt>
			<trkpt lat="54.158889" lon="27.172088"><time>1970-01-01T00:00:01.000Z</time></trkpt>
			<trkpt lat="54.158760" lon="27.172002"><time>1970-01-01T00:00:01.000Z</time></trkpt>
			<trkpt lat="54.158309" lon="27.171938"><time>1970-01-01T00:00:01.000Z</time></trkpt>
			<trkpt lat="54.158030" lon="27.171981"><time>1970-01-01T00:00:01.000Z</time></trkpt>
			<trkpt lat="54.157258" lon="27.172238"><time>1970-01-01T00:00:01.000Z</time></trkpt>
			<trkpt lat="54.156915" lon="27.172302"><time>1970-01-01T00:00:01.000Z</time></trkpt>
			<trkpt lat="54.156593" lon="27.172260"><time>1970-01-01T00:00:01.000Z</time></trkpt>
			<trkpt lat="54.155284" lon="27.171895"><time>1970-01-01T00:00:01.000Z</time></trkpt>
			<trkpt lat="54.154597" lon="27.171594"><time>1970-01-01T00:00:01.000Z</time></trkpt>
			<trkpt lat="54.154426" lon="27.171444"><time>1970-01-01T00:00:01.000Z</time></trkpt>
			<trkpt lat="54.153009" lon="27.169084"><time>1970-01-01T00:00:01.000Z</time></trkpt>
			<trkpt lat="54.151464" lon="27.166681"><time>1970-01-01T00:00:01.000Z</time></trkpt>
			<trkpt lat="54.151057" lon="27.165951"><time>1970-01-01T00:00:01.000Z</time></trkpt>
			<trkpt lat="54.150864" lon="27.165307"><time>1970-01-01T00:00:01.000Z</time></trkpt>
			<trkpt lat="54.150692" lon="27.164363"><time>1970-01-01T00:00:01.000Z</time></trkpt>
			<trkpt lat="54.150520" lon="27.163955"><time>1970-01-01T00:00:01.000Z</time></trkpt>
			<trkpt lat="54.150391" lon="27.163934"><time>1970-01-01T00:00:01.000Z</time></trkpt>
			<trkpt lat="54.150155" lon="27.163955"><time>1970-01-01T00:00:01.000Z</time></trkpt>
			<trkpt lat="54.149576" lon="27.164106"><time>1970-01-01T00:00:01.000Z</time></trkpt>
			<trkpt lat="54.148932" lon="27.164127"><time>1970-01-01T00:00:01.000Z</time></trkpt>
			<trkpt lat="54.146679" lon="27.164492"><time>1970-01-01T00:00:01.000Z</time></trkpt>
			<trkpt lat="54.145950" lon="27.164621"><time>1970-01-01T00:00:01.000Z</time></trkpt>
			<trkpt lat="54.144190" lon="27.165050"><time>1970-01-01T00:00:01.000Z</time></trkpt>
			<trkpt lat="54.143310" lon="27.165178"><time>1970-01-01T00:00:01.000Z</time></trkpt>
			<trkpt lat="54.142044" lon="27.164234"><time>1970-01-01T00:00:01.000Z</time></trkpt>
			<trkpt lat="54.141937" lon="27.164106"><time>1970-01-01T00:00:01.000Z</time></trkpt>
			<trkpt lat="54.141894" lon="27.163998"><time>1970-01-01T00:00:01.000Z</time></trkpt>
			<trkpt lat="54.141808" lon="27.163226"><time>1970-01-01T00:00:01.000Z</time></trkpt>
			<trkpt lat="54.141637" lon="27.161380"><time>1970-01-01T00:00:01.000Z</time></trkpt>
			<trkpt lat="54.141594" lon="27.161209"><time>1970-01-01T00:00:01.000Z</time></trkpt>
			<trkpt lat="54.141401" lon="27.160865"><time>1970-01-01T00:00:01.000Z</time></trkpt>
			<trkpt lat="54.140542" lon="27.159986"><time>1970-01-01T00:00:01.000Z</time></trkpt>
			<trkpt lat="54.140306" lon="27.159836"><time>1970-01-01T00:00:01.000Z</time></trkpt>
			<trkpt lat="54.140092" lon="27.159900"><time>1970-01-01T00:00:01.000Z</time></trkpt>
			<trkpt lat="54.139920" lon="27.160222"><time>1970-01-01T00:00:01.000Z</time></trkpt>
			<trkpt lat="54.139663" lon="27.160501"><time>1970-01-01T00:00:01.000Z</time></trkpt>
			<trkpt lat="54.139384" lon="27.160029"><time>1970-01-01T00:00:01.000Z</time></trkpt>
			<trkpt lat="54.138440" lon="27.156531"><time>1970-01-01T00:00:01.000Z</time></trkpt>
			<trkpt lat="54.136680" lon="27.151059"><time>1970-01-01T00:00:01.000Z</time></trkpt>
			<trkpt lat="54.136680" lon="27.150737"><time>1970-01-01T00:00:01.000Z</time></trkpt>
			<trkpt lat="54.136873" lon="27.148613"><time>1970-01-01T00:00:01.000Z</time></trkpt>
			<trkpt lat="54.136637" lon="27.147690"><time>1970-01-01T00:00:01.000Z</time></trkpt>
			<trkpt lat="54.136036" lon="27.145888"><time>1970-01-01T00:00:01.000Z</time></trkpt>
			<trkpt lat="54.135564" lon="27.144665"><time>1970-01-01T00:00:01.000Z</time></trkpt>
			<trkpt lat="54.134920" lon="27.142755"><time>1970-01-01T00:00:01.000Z</time></trkpt>
			<trkpt lat="54.134470" lon="27.139837"><time>1970-01-01T00:00:01.000Z</time></trkpt>
			<trkpt lat="54.134019" lon="27.137391"><time>1970-01-01T00:00:01.000Z</time></trkpt>
			<trkpt lat="54.133161" lon="27.133185"><time>1970-01-01T00:00:01.000Z</time></trkpt>
			<trkpt lat="54.133011" lon="27.132069"><time>1970-01-01T00:00:01.000Z</time></trkpt>
			<trkpt lat="54.132775" lon="27.127241"><time>1970-01-01T00:00:01.000Z</time></trkpt>
			<trkpt lat="54.132839" lon="27.126040"><time>1970-01-01T00:00:01.000Z</time></trkpt>
			<trkpt lat="54.133139" lon="27.123293"><time>1970-01-01T00:00:01.000Z</time></trkpt>
			<trkpt lat="54.133118" lon="27.122606"><time>1970-01-01T00:00:01.000Z</time></trkpt>
			<trkpt lat="54.133011" lon="27.122113"><time>1970-01-01T00:00:01.000Z</time></trkpt>
			<trkpt lat="54.132110" lon="27.119731"><time>1970-01-01T00:00:01.000Z</time></trkpt>
			<trkpt lat="54.131916" lon="27.118937"><time>1970-01-01T00:00:01.000Z</time></trkpt>
			<trkpt lat="54.131680" lon="27.113251"><time>1970-01-01T00:00:01.000Z</time></trkpt>
			<trkpt lat="54.131595" lon="27.112586"><time>1970-01-01T00:00:01.000Z</time></trkpt>
			<trkpt lat="54.131616" lon="27.109882"><time>1970-01-01T00:00:01.000Z</time></trkpt>
			<trkpt lat="54.131552" lon="27.109582"><time>1970-01-01T00:00:01.000Z</time></trkpt>
			<trkpt lat="54.130135" lon="27.109088"><time>1970-01-01T00:00:01.000Z</time></trkpt>
			<trkpt lat="54.130307" lon="27.108165"><time>1970-01-01T00:00:01.000Z</time></trkpt>
			<trkpt lat="54.130371" lon="27.107972"><time>1970-01-01T00:00:01.000Z</time></trkpt>
			<trkpt lat="54.130414" lon="27.107500"><time>1970-01-01T00:00:01.000Z</time></trkpt>
			<trkpt lat="54.130736" lon="27.106320"><time>1970-01-01T00:00:01.000Z</time></trkpt>
			<trkpt lat="54.131230" lon="27.104990"><time>1970-01-01T00:00:01.000Z</time></trkpt>
			<trkpt lat="54.132625" lon="27.105440"><time>1970-01-01T00:00:01.000Z</time></trkpt>
			<trkpt lat="54.132474" lon="27.103423"><time>1970-01-01T00:00:01.000Z</time></trkpt>
			<trkpt lat="54.132195" lon="27.100698"><time>1970-01-01T00:00:01.000Z</time></trkpt>
			<trkpt lat="54.132238" lon="27.098509"><time>1970-01-01T00:00:01.000Z</time></trkpt>
			<trkpt lat="54.132217" lon="27.096900"><time>1970-01-01T00:00:01.000Z</time></trkpt>
			<trkpt lat="54.132303" lon="27.094905"><time>1970-01-01T00:00:01.000Z</time></trkpt>
			<trkpt lat="54.132217" lon="27.093660"><time>1970-01-01T00:00:01.000Z</time></trkpt>
			<trkpt lat="54.132474" lon="27.090270"><time>1970-01-01T00:00:01.000Z</time></trkpt>
			<trkpt lat="54.132431" lon="27.090098"><time>1970-01-01T00:00:01.000Z</time></trkpt>
			<trkpt lat="54.132174" lon="27.089841"><time>1970-01-01T00:00:01.000Z</time></trkpt>
			<trkpt lat="54.132024" lon="27.089476"><time>1970-01-01T00:00:01.000Z</time></trkpt>
			<trkpt lat="54.131831" lon="27.089154"><time>1970-01-01T00:00:01.000Z</time></trkpt>
			<trkpt lat="54.131788" lon="27.088768"><time>1970-01-01T00:00:01.000Z</time></trkpt>
			<trkpt lat="54.131595" lon="27.088403"><time>1970-01-01T00:00:01.000Z</time></trkpt>
			<trkpt lat="54.131444" lon="27.087673"><time>1970-01-01T00:00:01.000Z</time></trkpt>
			<trkpt lat="54.131187" lon="27.086879"><time>1970-01-01T00:00:01.000Z</time></trkpt>
			<trkpt lat="54.131165" lon="27.086171"><time>1970-01-01T00:00:01.000Z</time></trkpt>
			<trkpt lat="54.131037" lon="27.084734"><time>1970-01-01T00:00:01.000Z</time></trkpt>
			<trkpt lat="54.131015" lon="27.083983"><time>1970-01-01T00:00:01.000Z</time></trkpt>
			<trkpt lat="54.130929" lon="27.082888"><time>1970-01-01T00:00:01.000Z</time></trkpt>
			<trkpt lat="54.130736" lon="27.081987"><time>1970-01-01T00:00:01.000Z</time></trkpt>
			<trkpt lat="54.130672" lon="27.081408"><time>1970-01-01T00:00:01.000Z</time></trkpt>
			<trkpt lat="54.130650" lon="27.080528"><time>1970-01-01T00:00:01.000Z</time></trkpt>
			<trkpt lat="54.130543" lon="27.079777"><time>1970-01-01T00:00:01.000Z</time></trkpt>
			<trkpt lat="54.130178" lon="27.079670"><time>1970-01-01T00:00:01.000Z</time></trkpt>
			<trkpt lat="54.127947" lon="27.078425"><time>1970-01-01T00:00:01.000Z</time></trkpt>
			<trkpt lat="54.127303" lon="27.078168"><time>1970-01-01T00:00:01.000Z</time></trkpt>
			<trkpt lat="54.125586" lon="27.077996"><time>1970-01-01T00:00:01.000Z</time></trkpt>
			<trkpt lat="54.123805" lon="27.077932"><time>1970-01-01T00:00:01.000Z</time></trkpt>
			<trkpt lat="54.122668" lon="27.077674"><time>1970-01-01T00:00:01.000Z</time></trkpt>
			<trkpt lat="54.121016" lon="27.077073"><time>1970-01-01T00:00:01.000Z</time></trkpt>
			<trkpt lat="54.119922" lon="27.076945"><time>1970-01-01T00:00:01.000Z</time></trkpt>
			<trkpt lat="54.119578" lon="27.076987"><time>1970-01-01T00:00:01.000Z</time></trkpt>
			<trkpt lat="54.118570" lon="27.077438"><time>1970-01-01T00:00:01.000Z</time></trkpt>
			<trkpt lat="54.116767" lon="27.077996"><time>1970-01-01T00:00:01.000Z</time></trkpt>
			<trkpt lat="54.114257" lon="27.079133"><time>1970-01-01T00:00:01.000Z</time></trkpt>
			<trkpt lat="54.114128" lon="27.079283"><time>1970-01-01T00:00:01.000Z</time></trkpt>
			<trkpt lat="54.114042" lon="27.079477"><time>1970-01-01T00:00:01.000Z</time></trkpt>
			<trkpt lat="54.113978" lon="27.079820"><time>1970-01-01T00:00:01.000Z</time></trkpt>
			<trkpt lat="54.113291" lon="27.086558"><time>1970-01-01T00:00:01.000Z</time></trkpt>
			<trkpt lat="54.111961" lon="27.093789"><time>1970-01-01T00:00:01.000Z</time></trkpt>
			<trkpt lat="54.111896" lon="27.093982"><time>1970-01-01T00:00:01.000Z</time></trkpt>
			<trkpt lat="54.111167" lon="27.095312"><time>1970-01-01T00:00:01.000Z</time></trkpt>
			<trkpt lat="54.109772" lon="27.096514"><time>1970-01-01T00:00:01.000Z</time></trkpt>
			<trkpt lat="54.107540" lon="27.098145"><time>1970-01-01T00:00:01.000Z</time></trkpt>
			<trkpt lat="54.106704" lon="27.098638"><time>1970-01-01T00:00:01.000Z</time></trkpt>
			<trkpt lat="54.106360" lon="27.098595"><time>1970-01-01T00:00:01.000Z</time></trkpt>
			<trkpt lat="54.105996" lon="27.098381"><time>1970-01-01T00:00:01.000Z</time></trkpt>
			<trkpt lat="54.105867" lon="27.098338"><time>1970-01-01T00:00:01.000Z</time></trkpt>
			<trkpt lat="54.105030" lon="27.098295"><time>1970-01-01T00:00:01.000Z</time></trkpt>
			<trkpt lat="54.104172" lon="27.098188"><time>1970-01-01T00:00:01.000Z</time></trkpt>
			<trkpt lat="54.103292" lon="27.098209"><time>1970-01-01T00:00:01.000Z</time></trkpt>
			<trkpt lat="54.103034" lon="27.098316"><time>1970-01-01T00:00:01.000Z</time></trkpt>
			<trkpt lat="54.102627" lon="27.098810"><time>1970-01-01T00:00:01.000Z</time></trkpt>
			<trkpt lat="54.102391" lon="27.099153"><time>1970-01-01T00:00:01.000Z</time></trkpt>
			<trkpt lat="54.102240" lon="27.099539"><time>1970-01-01T00:00:01.000Z</time></trkpt>
			<trkpt lat="54.102133" lon="27.099969"><time>1970-01-01T00:00:01.000Z</time></trkpt>
			<trkpt lat="54.100052" lon="27.098145"><time>1970-01-01T00:00:01.000Z</time></trkpt>
			<trkpt lat="54.099322" lon="27.097372"><time>1970-01-01T00:00:01.000Z</time></trkpt>
			<trkpt lat="54.097799" lon="27.095484"><time>1970-01-01T00:00:01.000Z</time></trkpt>
			<trkpt lat="54.096061" lon="27.093574"><time>1970-01-01T00:00:01.000Z</time></trkpt>
			<trkpt lat="54.094430" lon="27.094776"><time>1970-01-01T00:00:01.000Z</time></trkpt>
			<trkpt lat="54.094580" lon="27.093445"><time>1970-01-01T00:00:01.000Z</time></trkpt>
			<trkpt lat="54.094580" lon="27.092051"><time>1970-01-01T00:00:01.000Z</time></trkpt>
			<trkpt lat="54.094687" lon="27.090892"><time>1970-01-01T00:00:01.000Z</time></trkpt>
			<trkpt lat="54.094623" lon="27.089304"><time>1970-01-01T00:00:01.000Z</time></trkpt>
			<trkpt lat="54.094215" lon="27.088961"><time>1970-01-01T00:00:01.000Z</time></trkpt>
			<trkpt lat="54.094065" lon="27.088918"><time>1970-01-01T00:00:01.000Z</time></trkpt>
			<trkpt lat="54.093679" lon="27.088639"><time>1970-01-01T00:00:01.000Z</time></trkpt>
			<trkpt lat="54.093035" lon="27.088381"><time>1970-01-01T00:00:01.000Z</time></trkpt>
			<trkpt lat="54.092713" lon="27.088103"><time>1970-01-01T00:00:01.000Z</time></trkpt>
			<trkpt lat="54.088701" lon="27.085678"><time>1970-01-01T00:00:01.000Z</time></trkpt>
			<trkpt lat="54.088615" lon="27.085635"><time>1970-01-01T00:00:01.000Z</time></trkpt>
			<trkpt lat="54.088314" lon="27.085613"><time>1970-01-01T00:00:01.000Z</time></trkpt>
			<trkpt lat="54.087950" lon="27.085871"><time>1970-01-01T00:00:01.000Z</time></trkpt>
			<trkpt lat="54.087435" lon="27.086493"><time>1970-01-01T00:00:01.000Z</time></trkpt>
			<trkpt lat="54.087113" lon="27.086729"><time>1970-01-01T00:00:01.000Z</time></trkpt>
			<trkpt lat="54.086877" lon="27.087330"><time>1970-01-01T00:00:01.000Z</time></trkpt>
			<trkpt lat="54.086684" lon="27.087952"><time>1970-01-01T00:00:01.000Z</time></trkpt>
			<trkpt lat="54.085933" lon="27.089605"><time>1970-01-01T00:00:01.000Z</time></trkpt>
			<trkpt lat="54.084152" lon="27.093403"><time>1970-01-01T00:00:01.000Z</time></trkpt>
			<trkpt lat="54.083529" lon="27.094540"><time>1970-01-01T00:00:01.000Z</time></trkpt>
			<trkpt lat="54.083207" lon="27.095269"><time>1970-01-01T00:00:01.000Z</time></trkpt>
			<trkpt lat="54.082757" lon="27.096600"><time>1970-01-01T00:00:01.000Z</time></trkpt>
			<trkpt lat="54.081512" lon="27.098188"><time>1970-01-01T00:00:01.000Z</time></trkpt>
			<trkpt lat="54.081298" lon="27.098316"><time>1970-01-01T00:00:01.000Z</time></trkpt>
			<trkpt lat="54.081169" lon="27.098273"><time>1970-01-01T00:00:01.000Z</time></trkpt>
			<trkpt lat="54.080654" lon="27.097801"><time>1970-01-01T00:00:01.000Z</time></trkpt>
			<trkpt lat="54.080311" lon="27.097694"><time>1970-01-01T00:00:01.000Z</time></trkpt>
			<trkpt lat="54.079345" lon="27.097222"><time>1970-01-01T00:00:01.000Z</time></trkpt>
			<trkpt lat="54.079216" lon="27.097179"><time>1970-01-01T00:00:01.000Z</time></trkpt>
			<trkpt lat="54.079131" lon="27.097201"><time>1970-01-01T00:00:01.000Z</time></trkpt>
			<trkpt lat="54.078229" lon="27.098939"><time>1970-01-01T00:00:01.000Z</time></trkpt>
			<trkpt lat="54.078101" lon="27.099325"><time>1970-01-01T00:00:01.000Z</time></trkpt>
			<trkpt lat="54.076277" lon="27.103230"><time>1970-01-01T00:00:01.000Z</time></trkpt>
			<trkpt lat="54.076706" lon="27.103788"><time>1970-01-01T00:00:01.000Z</time></trkpt>
			<trkpt lat="54.077178" lon="27.104561"><time>1970-01-01T00:00:01.000Z</time></trkpt>
			<trkpt lat="54.077307" lon="27.104861"><time>1970-01-01T00:00:01.000Z</time></trkpt>
			<trkpt lat="54.077285" lon="27.105033"><time>1970-01-01T00:00:01.000Z</time></trkpt>
			<trkpt lat="54.077199" lon="27.105161"><time>1970-01-01T00:00:01.000Z</time></trkpt>
			<trkpt lat="54.076427" lon="27.105655"><time>1970-01-01T00:00:01.000Z</time></trkpt>
			<trkpt lat="54.075139" lon="27.107414"><time>1970-01-01T00:00:01.000Z</time></trkpt>
			<trkpt lat="54.074109" lon="27.108359"><time>1970-01-01T00:00:01.000Z</time></trkpt>
			<trkpt lat="54.073659" lon="27.108702"><time>1970-01-01T00:00:01.000Z</time></trkpt>
			<trkpt lat="54.073380" lon="27.108852"><time>1970-01-01T00:00:01.000Z</time></trkpt>
			<trkpt lat="54.073058" lon="27.109346"><time>1970-01-01T00:00:01.000Z</time></trkpt>
			<trkpt lat="54.072264" lon="27.109946"><time>1970-01-01T00:00:01.000Z</time></trkpt>
			<trkpt lat="54.071599" lon="27.110526"><time>1970-01-01T00:00:01.000Z</time></trkpt>
			<trkpt lat="54.071470" lon="27.110590"><time>1970-01-01T00:00:01.000Z</time></trkpt>
			<trkpt lat="54.071191" lon="27.110633"><time>1970-01-01T00:00:01.000Z</time></trkpt>
			<trkpt lat="54.070934" lon="27.110762"><time>1970-01-01T00:00:01.000Z</time></trkpt>
			<trkpt lat="54.069539" lon="27.111062"><time>1970-01-01T00:00:01.000Z</time></trkpt>
			<trkpt lat="54.068917" lon="27.110848"><time>1970-01-01T00:00:01.000Z</time></trkpt>
			<trkpt lat="54.067973" lon="27.110783"><time>1970-01-01T00:00:01.000Z</time></trkpt>
			<trkpt lat="54.067543" lon="27.110826"><time>1970-01-01T00:00:01.000Z</time></trkpt>
			<trkpt lat="54.066513" lon="27.110783"><time>1970-01-01T00:00:01.000Z</time></trkpt>
			<trkpt lat="54.064968" lon="27.110848"><time>1970-01-01T00:00:01.000Z</time></trkpt>
			<trkpt lat="54.064518" lon="27.110826"><time>1970-01-01T00:00:01.000Z</time></trkpt>
			<trkpt lat="54.063595" lon="27.111041"><time>1970-01-01T00:00:01.000Z</time></trkpt>
			<trkpt lat="54.062801" lon="27.111341"><time>1970-01-01T00:00:01.000Z</time></trkpt>
			<trkpt lat="54.061943" lon="27.112071"><time>1970-01-01T00:00:01.000Z</time></trkpt>
			<trkpt lat="54.060784" lon="27.113530"><time>1970-01-01T00:00:01.000Z</time></trkpt>
			<trkpt lat="54.060398" lon="27.113959"><time>1970-01-01T00:00:01.000Z</time></trkpt>
			<trkpt lat="54.059990" lon="27.114667"><time>1970-01-01T00:00:01.000Z</time></trkpt>
			<trkpt lat="54.059711" lon="27.114903"><time>1970-01-01T00:00:01.000Z</time></trkpt>
			<trkpt lat="54.058896" lon="27.115096"><time>1970-01-01T00:00:01.000Z</time></trkpt>
			<trkpt lat="54.058274" lon="27.115204"><time>1970-01-01T00:00:01.000Z</time></trkpt>
			<trkpt lat="54.057952" lon="27.115139"><time>1970-01-01T00:00:01.000Z</time></trkpt>
			<trkpt lat="54.057780" lon="27.114968"><time>1970-01-01T00:00:01.000Z</time></trkpt>
			<trkpt lat="54.057351" lon="27.114388"><time>1970-01-01T00:00:01.000Z</time></trkpt>
			<trkpt lat="54.056707" lon="27.113315"><time>1970-01-01T00:00:01.000Z</time></trkpt>
			<trkpt lat="54.056579" lon="27.113165"><time>1970-01-01T00:00:01.000Z</time></trkpt>
			<trkpt lat="54.056300" lon="27.112951"><time>1970-01-01T00:00:01.000Z</time></trkpt>
			<trkpt lat="54.055999" lon="27.112865"><time>1970-01-01T00:00:01.000Z</time></trkpt>
			<trkpt lat="54.053102" lon="27.112393"><time>1970-01-01T00:00:01.000Z</time></trkpt>
			<trkpt lat="54.051300" lon="27.112264"><time>1970-01-01T00:00:01.000Z</time></trkpt>
			<trkpt lat="54.050785" lon="27.112028"><time>1970-01-01T00:00:01.000Z</time></trkpt>
			<trkpt lat="54.050635" lon="27.111899"><time>1970-01-01T00:00:01.000Z</time></trkpt>
			<trkpt lat="54.050356" lon="27.111448"><time>1970-01-01T00:00:01.000Z</time></trkpt>
			<trkpt lat="54.050120" lon="27.110955"><time>1970-01-01T00:00:01.000Z</time></trkpt>
			<trkpt lat="54.049433" lon="27.109045"><time>1970-01-01T00:00:01.000Z</time></trkpt>
			<trkpt lat="54.049025" lon="27.108423"><time>1970-01-01T00:00:01.000Z</time></trkpt>
			<trkpt lat="54.048789" lon="27.108144"><time>1970-01-01T00:00:01.000Z</time></trkpt>
			<trkpt lat="54.048189" lon="27.107565"><time>1970-01-01T00:00:01.000Z</time></trkpt>
			<trkpt lat="54.046064" lon="27.105805"><time>1970-01-01T00:00:01.000Z</time></trkpt>
			<trkpt lat="54.045592" lon="27.105376"><time>1970-01-01T00:00:01.000Z</time></trkpt>
			<trkpt lat="54.044348" lon="27.103917"><time>1970-01-01T00:00:01.000Z</time></trkpt>
			<trkpt lat="54.043661" lon="27.103252"><time>1970-01-01T00:00:01.000Z</time></trkpt>
			<trkpt lat="54.042481" lon="27.103552"><time>1970-01-01T00:00:01.000Z</time></trkpt>
			<trkpt lat="54.041644" lon="27.103895"><time>1970-01-01T00:00:01.000Z</time></trkpt>
			<trkpt lat="54.039927" lon="27.104818"><time>1970-01-01T00:00:01.000Z</time></trkpt>
			<trkpt lat="54.039498" lon="27.105076"><time>1970-01-01T00:00:01.000Z</time></trkpt>
			<trkpt lat="54.037910" lon="27.106384"><time>1970-01-01T00:00:01.000Z</time></trkpt>
			<trkpt lat="54.037245" lon="27.106792"><time>1970-01-01T00:00:01.000Z</time></trkpt>
			<trkpt lat="54.036880" lon="27.106942"><time>1970-01-01T00:00:01.000Z</time></trkpt>
			<trkpt lat="54.034756" lon="27.107264"><time>1970-01-01T00:00:01.000Z</time></trkpt>
			<trkpt lat="54.032203" lon="27.107522"><time>1970-01-01T00:00:01.000Z</time></trkpt>
			<trkpt lat="54.028083" lon="27.107865"><time>1970-01-01T00:00:01.000Z</time></trkpt>
			<trkpt lat="54.025293" lon="27.107929"><time>1970-01-01T00:00:01.000Z</time></trkpt>
			<trkpt lat="54.019671" lon="27.108444"><time>1970-01-01T00:00:01.000Z</time></trkpt>
			<trkpt lat="54.018749" lon="27.112242"><time>1970-01-01T00:00:01.000Z</time></trkpt>
			<trkpt lat="54.018727" lon="27.112865"><time>1970-01-01T00:00:01.000Z</time></trkpt>
			<trkpt lat="54.018770" lon="27.113423"><time>1970-01-01T00:00:01.000Z</time></trkpt>
			<trkpt lat="54.018856" lon="27.113809"><time>1970-01-01T00:00:01.000Z</time></trkpt>
			<trkpt lat="54.019049" lon="27.114302"><time>1970-01-01T00:00:01.000Z</time></trkpt>
			<trkpt lat="54.019950" lon="27.115204"><time>1970-01-01T00:00:01.000Z</time></trkpt>
			<trkpt lat="54.020830" lon="27.116234"><time>1970-01-01T00:00:01.000Z</time></trkpt>
			<trkpt lat="54.021023" lon="27.116512"><time>1970-01-01T00:00:01.000Z</time></trkpt>
			<trkpt lat="54.021238" lon="27.116942"><time>1970-01-01T00:00:01.000Z</time></trkpt>
			<trkpt lat="54.021302" lon="27.117264"><time>1970-01-01T00:00:01.000Z</time></trkpt>
			<trkpt lat="54.021324" lon="27.117650"><time>1970-01-01T00:00:01.000Z</time></trkpt>
			<trkpt lat="54.019242" lon="27.125718"><time>1970-01-01T00:00:01.000Z</time></trkpt>
			<trkpt lat="54.018663" lon="27.128100"><time>1970-01-01T00:00:01.000Z</time></trkpt>
			<trkpt lat="54.018556" lon="27.128658"><time>1970-01-01T00:00:01.000Z</time></trkpt>
			<trkpt lat="54.018062" lon="27.134387"><time>1970-01-01T00:00:01.000Z</time></trkpt>
			<trkpt lat="54.018083" lon="27.135288"><time>1970-01-01T00:00:01.000Z</time></trkpt>
			<trkpt lat="54.018641" lon="27.139022"><time>1970-01-01T00:00:01.000Z</time></trkpt>
			<trkpt lat="54.018792" lon="27.140459"><time>1970-01-01T00:00:01.000Z</time></trkpt>
			<trkpt lat="54.018770" lon="27.141918"><time>1970-01-01T00:00:01.000Z</time></trkpt>
			<trkpt lat="54.018448" lon="27.149579"><time>1970-01-01T00:00:01.000Z</time></trkpt>
			<trkpt lat="54.018470" lon="27.149708"><time>1970-01-01T00:00:01.000Z</time></trkpt>
			<trkpt lat="54.018577" lon="27.149858"><time>1970-01-01T00:00:01.000Z</time></trkpt>
			<trkpt lat="54.019585" lon="27.150480"><time>1970-01-01T00:00:01.000Z</time></trkpt>
			<trkpt lat="54.019800" lon="27.150673"><time>1970-01-01T00:00:01.000Z</time></trkpt>
			<trkpt lat="54.019972" lon="27.151295"><time>1970-01-01T00:00:01.000Z</time></trkpt>
			<trkpt lat="54.020143" lon="27.152218"><time>1970-01-01T00:00:01.000Z</time></trkpt>
			<trkpt lat="54.020186" lon="27.152626"><time>1970-01-01T00:00:01.000Z</time></trkpt>
			<trkpt lat="54.019886" lon="27.155072"><time>1970-01-01T00:00:01.000Z</time></trkpt>
			<trkpt lat="54.019693" lon="27.155952"><time>1970-01-01T00:00:01.000Z</time></trkpt>
			<trkpt lat="54.019671" lon="27.156338"><time>1970-01-01T00:00:01.000Z</time></trkpt>
			<trkpt lat="54.019714" lon="27.157797"><time>1970-01-01T00:00:01.000Z</time></trkpt>
			<trkpt lat="54.019328" lon="27.162153"><time>1970-01-01T00:00:01.000Z</time></trkpt>
			<trkpt lat="54.019156" lon="27.165586"><time>1970-01-01T00:00:01.000Z</time></trkpt>
			<trkpt lat="54.019006" lon="27.167732"><time>1970-01-01T00:00:01.000Z</time></trkpt>
			<trkpt lat="54.019049" lon="27.168075"><time>1970-01-01T00:00:01.000Z</time></trkpt>
			<trkpt lat="54.019199" lon="27.168547"><time>1970-01-01T00:00:01.000Z</time></trkpt>
			<trkpt lat="54.019843" lon="27.169728"><time>1970-01-01T00:00:01.000Z</time></trkpt>
			<trkpt lat="54.020186" lon="27.170629"><time>1970-01-01T00:00:01.000Z</time></trkpt>
			<trkpt lat="54.020680" lon="27.172453"><time>1970-01-01T00:00:01.000Z</time></trkpt>
			<trkpt lat="54.020809" lon="27.173247"><time>1970-01-01T00:00:01.000Z</time></trkpt>
			<trkpt lat="54.021173" lon="27.174513"><time>1970-01-01T00:00:01.000Z</time></trkpt>
			<trkpt lat="54.021431" lon="27.175800"><time>1970-01-01T00:00:01.000Z</time></trkpt>
			<trkpt lat="54.022525" lon="27.177517"><time>1970-01-01T00:00:01.000Z</time></trkpt>
			<trkpt lat="54.022869" lon="27.178160"><time>1970-01-01T00:00:01.000Z</time></trkpt>
			<trkpt lat="54.023405" lon="27.179684"><time>1970-01-01T00:00:01.000Z</time></trkpt>
			<trkpt lat="54.023512" lon="27.180263"><time>1970-01-01T00:00:01.000Z</time></trkpt>
			<trkpt lat="54.023469" lon="27.183160"><time>1970-01-01T00:00:01.000Z</time></trkpt>
			<trkpt lat="54.023405" lon="27.183439"><time>1970-01-01T00:00:01.000Z</time></trkpt>
			<trkpt lat="54.023276" lon="27.183568"><time>1970-01-01T00:00:01.000Z</time></trkpt>
			<trkpt lat="54.022482" lon="27.183739"><time>1970-01-01T00:00:01.000Z</time></trkpt>
			<trkpt lat="54.021881" lon="27.183975"><time>1970-01-01T00:00:01.000Z</time></trkpt>
			<trkpt lat="54.021731" lon="27.184447"><time>1970-01-01T00:00:01.000Z</time></trkpt>
			<trkpt lat="54.021667" lon="27.184984"><time>1970-01-01T00:00:01.000Z</time></trkpt>
			<trkpt lat="54.021989" lon="27.188675"><time>1970-01-01T00:00:01.000Z</time></trkpt>
			<trkpt lat="54.022053" lon="27.189018"><time>1970-01-01T00:00:01.000Z</time></trkpt>
			<trkpt lat="54.022203" lon="27.189233"><time>1970-01-01T00:00:01.000Z</time></trkpt>
			<trkpt lat="54.022246" lon="27.189404"><time>1970-01-01T00:00:01.000Z</time></trkpt>
			<trkpt lat="54.022525" lon="27.191550"><time>1970-01-01T00:00:01.000Z</time></trkpt>
			<trkpt lat="54.022590" lon="27.192473"><time>1970-01-01T00:00:01.000Z</time></trkpt>
			<trkpt lat="54.022504" lon="27.192730"><time>1970-01-01T00:00:01.000Z</time></trkpt>
			<trkpt lat="54.022396" lon="27.192880"><time>1970-01-01T00:00:01.000Z</time></trkpt>
			<trkpt lat="54.021409" lon="27.194061"><time>1970-01-01T00:00:01.000Z</time></trkpt>
			<trkpt lat="54.021324" lon="27.194146"><time>1970-01-01T00:00:01.000Z</time></trkpt>
			<trkpt lat="54.020787" lon="27.194382"><time>1970-01-01T00:00:01.000Z</time></trkpt>
			<trkpt lat="54.020637" lon="27.194661"><time>1970-01-01T00:00:01.000Z</time></trkpt>
			<trkpt lat="54.020444" lon="27.195262"><time>1970-01-01T00:00:01.000Z</time></trkpt>
			<trkpt lat="54.020337" lon="27.195434"><time>1970-01-01T00:00:01.000Z</time></trkpt>
			<trkpt lat="54.020251" lon="27.195498"><time>1970-01-01T00:00:01.000Z</time></trkpt>
			<trkpt lat="54.019650" lon="27.195691"><time>1970-01-01T00:00:01.000Z</time></trkpt>
			<trkpt lat="54.019521" lon="27.195842"><time>1970-01-01T00:00:01.000Z</time></trkpt>
			<trkpt lat="54.019457" lon="27.196056"><time>1970-01-01T00:00:01.000Z</time></trkpt>
			<trkpt lat="54.019457" lon="27.196335"><time>1970-01-01T00:00:01.000Z</time></trkpt>
			<trkpt lat="54.019757" lon="27.198867"><time>1970-01-01T00:00:01.000Z</time></trkpt>
			<trkpt lat="54.019693" lon="27.199403"><time>1970-01-01T00:00:01.000Z</time></trkpt>
			<trkpt lat="54.019199" lon="27.201828"><time>1970-01-01T00:00:01.000Z</time></trkpt>
			<trkpt lat="54.018834" lon="27.203910"><time>1970-01-01T00:00:01.000Z</time></trkpt>
			<trkpt lat="54.018448" lon="27.204596"><time>1970-01-01T00:00:01.000Z</time></trkpt>
			<trkpt lat="54.017783" lon="27.205497"><time>1970-01-01T00:00:01.000Z</time></trkpt>
			<trkpt lat="54.017697" lon="27.206034"><time>1970-01-01T00:00:01.000Z</time></trkpt>
			<trkpt lat="54.017847" lon="27.207836"><time>1970-01-01T00:00:01.000Z</time></trkpt>
			<trkpt lat="54.017719" lon="27.208223"><time>1970-01-01T00:00:01.000Z</time></trkpt>
			<trkpt lat="54.017290" lon="27.208759"><time>1970-01-01T00:00:01.000Z</time></trkpt>
			<trkpt lat="54.017182" lon="27.209381"><time>1970-01-01T00:00:01.000Z</time></trkpt>
			<trkpt lat="54.017311" lon="27.210368"><time>1970-01-01T00:00:01.000Z</time></trkpt>
			<trkpt lat="54.017290" lon="27.210926"><time>1970-01-01T00:00:01.000Z</time></trkpt>
			<trkpt lat="54.017118" lon="27.211312"><time>1970-01-01T00:00:01.000Z</time></trkpt>
			<trkpt lat="54.016882" lon="27.211613"><time>1970-01-01T00:00:01.000Z</time></trkpt>
			<trkpt lat="54.016817" lon="27.212106"><time>1970-01-01T00:00:01.000Z</time></trkpt>
			<trkpt lat="54.016903" lon="27.213330"><time>1970-01-01T00:00:01.000Z</time></trkpt>
			<trkpt lat="54.016882" lon="27.213780"><time>1970-01-01T00:00:01.000Z</time></trkpt>
			<trkpt lat="54.016453" lon="27.215068"><time>1970-01-01T00:00:01.000Z</time></trkpt>
			<trkpt lat="54.015766" lon="27.216634"><time>1970-01-01T00:00:01.000Z</time></trkpt>
			<trkpt lat="54.018556" lon="27.216355"><time>1970-01-01T00:00:01.000Z</time></trkpt>
			<trkpt lat="54.022826" lon="27.216076"><time>1970-01-01T00:00:01.000Z</time></trkpt>
			<trkpt lat="54.027460" lon="27.215947"><time>1970-01-01T00:00:01.000Z</time></trkpt>
			<trkpt lat="54.027696" lon="27.215990"><time>1970-01-01T00:00:01.000Z</time></trkpt>
			<trkpt lat="54.028598" lon="27.217149"><time>1970-01-01T00:00:01.000Z</time></trkpt>
			<trkpt lat="54.029220" lon="27.217879"><time>1970-01-01T00:00:01.000Z</time></trkpt>
			<trkpt lat="54.031323" lon="27.220647"><time>1970-01-01T00:00:01.000Z</time></trkpt>
			<trkpt lat="54.032653" lon="27.222234"><time>1970-01-01T00:00:01.000Z</time></trkpt>
			<trkpt lat="54.033640" lon="27.223329"><time>1970-01-01T00:00:01.000Z</time></trkpt>
			<trkpt lat="54.034928" lon="27.224852"><time>1970-01-01T00:00:01.000Z</time></trkpt>
			<trkpt lat="54.035378" lon="27.225882"><time>1970-01-01T00:00:01.000Z</time></trkpt>
			<trkpt lat="54.035915" lon="27.227298"><time>1970-01-01T00:00:01.000Z</time></trkpt>
			<trkpt lat="54.037910" lon="27.232148"><time>1970-01-01T00:00:01.000Z</time></trkpt>
			<trkpt lat="54.037825" lon="27.233779"><time>1970-01-01T00:00:01.000Z</time></trkpt>
			<trkpt lat="54.037867" lon="27.235860"><time>1970-01-01T00:00:01.000Z</time></trkpt>
			<trkpt lat="54.037739" lon="27.236590"><time>1970-01-01T00:00:01.000Z</time></trkpt>
			<trkpt lat="54.036923" lon="27.237856"><time>1970-01-01T00:00:01.000Z</time></trkpt>
			<trkpt lat="54.036044" lon="27.238993"><time>1970-01-01T00:00:01.000Z</time></trkpt>
			<trkpt lat="54.035421" lon="27.239722"><time>1970-01-01T00:00:01.000Z</time></trkpt>
			<trkpt lat="54.035099" lon="27.240280"><time>1970-01-01T00:00:01.000Z</time></trkpt>
			<trkpt lat="54.034928" lon="27.240860"><time>1970-01-01T00:00:01.000Z</time></trkpt>
			<trkpt lat="54.034863" lon="27.241203"><time>1970-01-01T00:00:01.000Z</time></trkpt>
			<trkpt lat="54.034842" lon="27.241739"><time>1970-01-01T00:00:01.000Z</time></trkpt>
			<trkpt lat="54.034928" lon="27.242641"><time>1970-01-01T00:00:01.000Z</time></trkpt>
			<trkpt lat="54.035271" lon="27.244035"><time>1970-01-01T00:00:01.000Z</time></trkpt>
			<trkpt lat="54.035335" lon="27.244121"><time>1970-01-01T00:00:01.000Z</time></trkpt>
			<trkpt lat="54.035464" lon="27.244186"><time>1970-01-01T00:00:01.000Z</time></trkpt>
			<trkpt lat="54.035700" lon="27.244229"><time>1970-01-01T00:00:01.000Z</time></trkpt>
			<trkpt lat="54.036022" lon="27.244164"><time>1970-01-01T00:00:01.000Z</time></trkpt>
			<trkpt lat="54.036151" lon="27.244336"><time>1970-01-01T00:00:01.000Z</time></trkpt>
			<trkpt lat="54.036430" lon="27.245988"><time>1970-01-01T00:00:01.000Z</time></trkpt>
			<trkpt lat="54.036430" lon="27.246439"><time>1970-01-01T00:00:01.000Z</time></trkpt>
			<trkpt lat="54.036365" lon="27.246675"><time>1970-01-01T00:00:01.000Z</time></trkpt>
			<trkpt lat="54.036108" lon="27.247190"><time>1970-01-01T00:00:01.000Z</time></trkpt>
			<trkpt lat="54.036086" lon="27.247812"><time>1970-01-01T00:00:01.000Z</time></trkpt>
			<trkpt lat="54.035786" lon="27.248112"><time>1970-01-01T00:00:01.000Z</time></trkpt>
			<trkpt lat="54.035614" lon="27.248456"><time>1970-01-01T00:00:01.000Z</time></trkpt>
			<trkpt lat="54.034971" lon="27.249228"><time>1970-01-01T00:00:01.000Z</time></trkpt>
			<trkpt lat="54.034863" lon="27.249743"><time>1970-01-01T00:00:01.000Z</time></trkpt>
			<trkpt lat="54.032803" lon="27.254035"><time>1970-01-01T00:00:01.000Z</time></trkpt>
			<trkpt lat="54.031967" lon="27.255623"><time>1970-01-01T00:00:01.000Z</time></trkpt>
			<trkpt lat="54.029048" lon="27.261695"><time>1970-01-01T00:00:01.000Z</time></trkpt>
			<trkpt lat="54.028555" lon="27.262382"><time>1970-01-01T00:00:01.000Z</time></trkpt>
			<trkpt lat="54.028512" lon="27.263090"><time>1970-01-01T00:00:01.000Z</time></trkpt>
			<trkpt lat="54.028834" lon="27.263626"><time>1970-01-01T00:00:01.000Z</time></trkpt>
			<trkpt lat="54.028941" lon="27.263755"><time>1970-01-01T00:00:01.000Z</time></trkpt>
			<trkpt lat="54.029113" lon="27.263862"><time>1970-01-01T00:00:01.000Z</time></trkpt>
			<trkpt lat="54.029585" lon="27.264485"><time>1970-01-01T00:00:01.000Z</time></trkpt>
			<trkpt lat="54.030507" lon="27.266180"><time>1970-01-01T00:00:01.000Z</time></trkpt>
			<trkpt lat="54.030894" lon="27.266952"><time>1970-01-01T00:00:01.000Z</time></trkpt>
			<trkpt lat="54.031173" lon="27.267660"><time>1970-01-01T00:00:01.000Z</time></trkpt>
			<trkpt lat="54.031130" lon="27.268304"><time>1970-01-01T00:00:01.000Z</time></trkpt>
			<trkpt lat="54.031409" lon="27.269141"><time>1970-01-01T00:00:01.000Z</time></trkpt>
			<trkpt lat="54.031688" lon="27.270600"><time>1970-01-01T00:00:01.000Z</time></trkpt>
			<trkpt lat="54.032203" lon="27.272875"><time>1970-01-01T00:00:01.000Z</time></trkpt>
			<trkpt lat="54.032675" lon="27.276029"><time>1970-01-01T00:00:01.000Z</time></trkpt>
			<trkpt lat="54.033512" lon="27.280041"><time>1970-01-01T00:00:01.000Z</time></trkpt>
			<trkpt lat="54.033833" lon="27.281865"><time>1970-01-01T00:00:01.000Z</time></trkpt>
			<trkpt lat="54.034112" lon="27.282681"><time>1970-01-01T00:00:01.000Z</time></trkpt>
			<trkpt lat="54.034606" lon="27.283689"><time>1970-01-01T00:00:01.000Z</time></trkpt>
			<trkpt lat="54.037953" lon="27.290148"><time>1970-01-01T00:00:01.000Z</time></trkpt>
			<trkpt lat="54.040399" lon="27.294461"><time>1970-01-01T00:00:01.000Z</time></trkpt>
			<trkpt lat="54.040614" lon="27.295856"><time>1970-01-01T00:00:01.000Z</time></trkpt>
			<trkpt lat="54.040936" lon="27.298409"><time>1970-01-01T00:00:01.000Z</time></trkpt>
			<trkpt lat="54.041301" lon="27.305876"><time>1970-01-01T00:00:01.000Z</time></trkpt>
			<trkpt lat="54.038683" lon="27.306885"><time>1970-01-01T00:00:01.000Z</time></trkpt>
			<trkpt lat="54.038769" lon="27.307679"><time>1970-01-01T00:00:01.000Z</time></trkpt>
			<trkpt lat="54.038769" lon="27.309074"><time>1970-01-01T00:00:01.000Z</time></trkpt>
			<trkpt lat="54.038704" lon="27.311713"><time>1970-01-01T00:00:01.000Z</time></trkpt>
			<trkpt lat="54.038618" lon="27.312657"><time>1970-01-01T00:00:01.000Z</time></trkpt>
			<trkpt lat="54.038382" lon="27.313859"><time>1970-01-01T00:00:01.000Z</time></trkpt>
			<trkpt lat="54.038168" lon="27.314502"><time>1970-01-01T00:00:01.000Z</time></trkpt>
			<trkpt lat="54.037760" lon="27.316755"><time>1970-01-01T00:00:01.000Z</time></trkpt>
			<trkpt lat="54.037696" lon="27.317356"><time>1970-01-01T00:00:01.000Z</time></trkpt>
			<trkpt lat="54.037481" lon="27.317893"><time>1970-01-01T00:00:01.000Z</time></trkpt>
			<trkpt lat="54.037352" lon="27.319395"><time>1970-01-01T00:00:01.000Z</time></trkpt>
			<trkpt lat="54.037395" lon="27.319652"><time>1970-01-01T00:00:01.000Z</time></trkpt>
			<trkpt lat="54.037481" lon="27.319888"><time>1970-01-01T00:00:01.000Z</time></trkpt>
			<trkpt lat="54.037524" lon="27.320768"><time>1970-01-01T00:00:01.000Z</time></trkpt>
			<trkpt lat="54.037674" lon="27.322206"><time>1970-01-01T00:00:01.000Z</time></trkpt>
			<trkpt lat="54.037631" lon="27.322528"><time>1970-01-01T00:00:01.000Z</time></trkpt>
			<trkpt lat="54.037460" lon="27.323000"><time>1970-01-01T00:00:01.000Z</time></trkpt>
			<trkpt lat="54.037310" lon="27.323279"><time>1970-01-01T00:00:01.000Z</time></trkpt>
			<trkpt lat="54.037803" lon="27.324995"><time>1970-01-01T00:00:01.000Z</time></trkpt>
			<trkpt lat="54.038189" lon="27.326025"><time>1970-01-01T00:00:01.000Z</time></trkpt>
			<trkpt lat="54.038447" lon="27.326540"><time>1970-01-01T00:00:01.000Z</time></trkpt>
			<trkpt lat="54.039176" lon="27.327742"><time>1970-01-01T00:00:01.000Z</time></trkpt>
			<trkpt lat="54.039391" lon="27.327999"><time>1970-01-01T00:00:01.000Z</time></trkpt>
			<trkpt lat="54.038962" lon="27.328622"><time>1970-01-01T00:00:01.000Z</time></trkpt>
			<trkpt lat="54.038511" lon="27.329051"><time>1970-01-01T00:00:01.000Z</time></trkpt>
			<trkpt lat="54.037674" lon="27.329523"><time>1970-01-01T00:00:01.000Z</time></trkpt>
			<trkpt lat="54.037374" lon="27.329652"><time>1970-01-01T00:00:01.000Z</time></trkpt>
			<trkpt lat="54.036580" lon="27.329716"><time>1970-01-01T00:00:01.000Z</time></trkpt>
			<trkpt lat="54.036322" lon="27.329802"><time>1970-01-01T00:00:01.000Z</time></trkpt>
			<trkpt lat="54.036086" lon="27.330038"><time>1970-01-01T00:00:01.000Z</time></trkpt>
			<trkpt lat="54.035700" lon="27.330724"><time>1970-01-01T00:00:01.000Z</time></trkpt>
			<trkpt lat="54.034692" lon="27.332913"><time>1970-01-01T00:00:01.000Z</time></trkpt>
			<trkpt lat="54.032117" lon="27.338771"><time>1970-01-01T00:00:01.000Z</time></trkpt>
			<trkpt lat="54.030250" lon="27.343985"><time>1970-01-01T00:00:01.000Z</time></trkpt>
			<trkpt lat="54.029156" lon="27.347419"><time>1970-01-01T00:00:01.000Z</time></trkpt>
			<trkpt lat="54.028276" lon="27.350594"><time>1970-01-01T00:00:01.000Z</time></trkpt>
			<trkpt lat="54.028233" lon="27.351066"><time>1970-01-01T00:00:01.000Z</time></trkpt>
			<trkpt lat="54.028297" lon="27.351517"><time>1970-01-01T00:00:01.000Z</time></trkpt>
			<trkpt lat="54.029349" lon="27.355637"><time>1970-01-01T00:00:01.000Z</time></trkpt>
			<trkpt lat="54.029885" lon="27.357225"><time>1970-01-01T00:00:01.000Z</time></trkpt>
			<trkpt lat="54.030014" lon="27.358276"><time>1970-01-01T00:00:01.000Z</time></trkpt>
			<trkpt lat="54.029992" lon="27.358662"><time>1970-01-01T00:00:01.000Z</time></trkpt>
			<trkpt lat="54.029327" lon="27.362696"><time>1970-01-01T00:00:01.000Z</time></trkpt>
			<trkpt lat="54.029091" lon="27.363469"><time>1970-01-01T00:00:01.000Z</time></trkpt>
			<trkpt lat="54.028533" lon="27.364735"><time>1970-01-01T00:00:01.000Z</time></trkpt>
			<trkpt lat="54.028211" lon="27.365185"><time>1970-01-01T00:00:01.000Z</time></trkpt>
			<trkpt lat="54.027911" lon="27.365421"><time>1970-01-01T00:00:01.000Z</time></trkpt>
			<trkpt lat="54.026752" lon="27.365808"><time>1970-01-01T00:00:01.000Z</time></trkpt>
			<trkpt lat="54.026430" lon="27.365979"><time>1970-01-01T00:00:01.000Z</time></trkpt>
			<trkpt lat="54.026280" lon="27.366108"><time>1970-01-01T00:00:01.000Z</time></trkpt>
			<trkpt lat="54.026066" lon="27.366473"><time>1970-01-01T00:00:01.000Z</time></trkpt>
			<trkpt lat="54.025958" lon="27.366752"><time>1970-01-01T00:00:01.000Z</time></trkpt>
			<trkpt lat="54.025851" lon="27.367245"><time>1970-01-01T00:00:01.000Z</time></trkpt>
			<trkpt lat="54.025486" lon="27.373640"><time>1970-01-01T00:00:01.000Z</time></trkpt>
			<trkpt lat="54.025551" lon="27.374284"><time>1970-01-01T00:00:01.000Z</time></trkpt>
			<trkpt lat="54.025830" lon="27.375163"><time>1970-01-01T00:00:01.000Z</time></trkpt>
			<trkpt lat="54.027975" lon="27.379841"><time>1970-01-01T00:00:01.000Z</time></trkpt>
			<trkpt lat="54.026323" lon="27.383618"><time>1970-01-01T00:00:01.000Z</time></trkpt>
			<trkpt lat="54.026087" lon="27.384090"><time>1970-01-01T00:00:01.000Z</time></trkpt>
			<trkpt lat="54.025358" lon="27.384991"><time>1970-01-01T00:00:01.000Z</time></trkpt>
			<trkpt lat="54.024928" lon="27.385356"><time>1970-01-01T00:00:01.000Z</time></trkpt>
			<trkpt lat="54.020315" lon="27.388767"><time>1970-01-01T00:00:01.000Z</time></trkpt>
			<trkpt lat="54.019478" lon="27.389240"><time>1970-01-01T00:00:01.000Z</time></trkpt>
			<trkpt lat="54.014500" lon="27.391772"><time>1970-01-01T00:00:01.000Z</time></trkpt>
			<trkpt lat="54.013921" lon="27.392008"><time>1970-01-01T00:00:01.000Z</time></trkpt>
			<trkpt lat="54.011625" lon="27.392694"><time>1970-01-01T00:00:01.000Z</time></trkpt>
			<trkpt lat="54.008642" lon="27.393510"><time>1970-01-01T00:00:01.000Z</time></trkpt>
			<trkpt lat="54.009436" lon="27.410826"><time>1970-01-01T00:00:01.000Z</time></trkpt>
			<trkpt lat="54.009736" lon="27.416083"><time>1970-01-01T00:00:01.000Z</time></trkpt>
			<trkpt lat="54.009736" lon="27.417499"><time>1970-01-01T00:00:01.000Z</time></trkpt>
			<trkpt lat="54.009715" lon="27.418164"><time>1970-01-01T00:00:01.000Z</time></trkpt>
			<trkpt lat="54.009608" lon="27.418958"><time>1970-01-01T00:00:01.000Z</time></trkpt>
			<trkpt lat="54.008470" lon="27.424044"><time>1970-01-01T00:00:01.000Z</time></trkpt>
			<trkpt lat="54.007526" lon="27.428014"><time>1970-01-01T00:00:01.000Z</time></trkpt>
			<trkpt lat="54.007097" lon="27.429022"><time>1970-01-01T00:00:01.000Z</time></trkpt>
			<trkpt lat="54.006089" lon="27.430674"><time>1970-01-01T00:00:01.000Z</time></trkpt>
			<trkpt lat="54.003363" lon="27.434622"><time>1970-01-01T00:00:01.000Z</time></trkpt>
			<trkpt lat="54.002956" lon="27.435481"><time>1970-01-01T00:00:01.000Z</time></trkpt>
			<trkpt lat="54.002634" lon="27.436403"><time>1970-01-01T00:00:01.000Z</time></trkpt>
			<trkpt lat="54.000531" lon="27.443742"><time>1970-01-01T00:00:01.000Z</time></trkpt>
			<trkpt lat="54.000038" lon="27.445072"><time>1970-01-01T00:00:01.000Z</time></trkpt>
			<trkpt lat="53.998772" lon="27.447776"><time>1970-01-01T00:00:01.000Z</time></trkpt>
			<trkpt lat="53.998428" lon="27.448742"><time>1970-01-01T00:00:01.000Z</time></trkpt>
			<trkpt lat="53.991283" lon="27.478890"><time>1970-01-01T00:00:01.000Z</time></trkpt>
			<trkpt lat="53.991090" lon="27.478933"><time>1970-01-01T00:00:01.000Z</time></trkpt>
			<trkpt lat="53.990918" lon="27.479061"><time>1970-01-01T00:00:01.000Z</time></trkpt>
			<trkpt lat="53.989931" lon="27.480242"><time>1970-01-01T00:00:01.000Z</time></trkpt>
			<trkpt lat="53.989330" lon="27.481100"><time>1970-01-01T00:00:01.000Z</time></trkpt>
			<trkpt lat="53.988944" lon="27.481529"><time>1970-01-01T00:00:01.000Z</time></trkpt>
			<trkpt lat="53.988794" lon="27.481658"><time>1970-01-01T00:00:01.000Z</time></trkpt>
			<trkpt lat="53.988686" lon="27.481701"><time>1970-01-01T00:00:01.000Z</time></trkpt>
			<trkpt lat="53.988493" lon="27.481357"><time>1970-01-01T00:00:01.000Z</time></trkpt>
			<trkpt lat="53.988257" lon="27.481121"><time>1970-01-01T00:00:01.000Z</time></trkpt>
			<trkpt lat="53.988064" lon="27.480864"><time>1970-01-01T00:00:01.000Z</time></trkpt>
			<trkpt lat="53.987313" lon="27.478804"><time>1970-01-01T00:00:01.000Z</time></trkpt>
			<trkpt lat="53.987227" lon="27.478675"><time>1970-01-01T00:00:01.000Z</time></trkpt>
			<trkpt lat="53.986991" lon="27.478461"><time>1970-01-01T00:00:01.000Z</time></trkpt>
			<trkpt lat="53.986669" lon="27.478310"><time>1970-01-01T00:00:01.000Z</time></trkpt>
			<trkpt lat="53.984674" lon="27.476744"><time>1970-01-01T00:00:01.000Z</time></trkpt>
			<trkpt lat="53.984395" lon="27.476443"><time>1970-01-01T00:00:01.000Z</time></trkpt>
			<trkpt lat="53.984009" lon="27.475821"><time>1970-01-01T00:00:01.000Z</time></trkpt>
			<trkpt lat="53.983622" lon="27.475070"><time>1970-01-01T00:00:01.000Z</time></trkpt>
			<trkpt lat="53.982807" lon="27.473268"><time>1970-01-01T00:00:01.000Z</time></trkpt>
			<trkpt lat="53.982507" lon="27.472731"><time>1970-01-01T00:00:01.000Z</time></trkpt>
			<trkpt lat="53.981241" lon="27.471015"><time>1970-01-01T00:00:01.000Z</time></trkpt>
			<trkpt lat="53.980940" lon="27.470350"><time>1970-01-01T00:00:01.000Z</time></trkpt>
			<trkpt lat="53.980833" lon="27.469920"><time>1970-01-01T00:00:01.000Z</time></trkpt>
			<trkpt lat="53.980747" lon="27.468697"><time>1970-01-01T00:00:01.000Z</time></trkpt>
			<trkpt lat="53.980554" lon="27.467560"><time>1970-01-01T00:00:01.000Z</time></trkpt>
			<trkpt lat="53.980447" lon="27.466294"><time>1970-01-01T00:00:01.000Z</time></trkpt>
			<trkpt lat="53.980575" lon="27.465049"><time>1970-01-01T00:00:01.000Z</time></trkpt>
			<trkpt lat="53.980575" lon="27.462088"><time>1970-01-01T00:00:01.000Z</time></trkpt>
			<trkpt lat="53.980640" lon="27.461273"><time>1970-01-01T00:00:01.000Z</time></trkpt>
			<trkpt lat="53.980575" lon="27.460586"><time>1970-01-01T00:00:01.000Z</time></trkpt>
			<trkpt lat="53.980618" lon="27.460307"><time>1970-01-01T00:00:01.000Z</time></trkpt>
			<trkpt lat="53.981090" lon="27.459664"><time>1970-01-01T00:00:01.000Z</time></trkpt>
			<trkpt lat="53.981219" lon="27.459127"><time>1970-01-01T00:00:01.000Z</time></trkpt>
			<trkpt lat="53.981176" lon="27.458913"><time>1970-01-01T00:00:01.000Z</time></trkpt>
			<trkpt lat="53.980811" lon="27.457732"><time>1970-01-01T00:00:01.000Z</time></trkpt>
			<trkpt lat="53.980339" lon="27.456381"><time>1970-01-01T00:00:01.000Z</time></trkpt>
			<trkpt lat="53.979653" lon="27.454149"><time>1970-01-01T00:00:01.000Z</time></trkpt>
			<trkpt lat="53.979288" lon="27.453376"><time>1970-01-01T00:00:01.000Z</time></trkpt>
			<trkpt lat="53.979052" lon="27.453012"><time>1970-01-01T00:00:01.000Z</time></trkpt>
			<trkpt lat="53.978859" lon="27.452797"><time>1970-01-01T00:00:01.000Z</time></trkpt>
			<trkpt lat="53.978408" lon="27.452432"><time>1970-01-01T00:00:01.000Z</time></trkpt>
			<trkpt lat="53.978129" lon="27.452068"><time>1970-01-01T00:00:01.000Z</time></trkpt>
			<trkpt lat="53.978065" lon="27.452068"><time>1970-01-01T00:00:01.000Z</time></trkpt>
			<trkpt lat="53.978001" lon="27.452132"><time>1970-01-01T00:00:01.000Z</time></trkpt>
			<trkpt lat="53.977872" lon="27.452347"><time>1970-01-01T00:00:01.000Z</time></trkpt>
			<trkpt lat="53.977829" lon="27.452325"><time>1970-01-01T00:00:01.000Z</time></trkpt>
			<trkpt lat="53.977915" lon="27.452046"><time>1970-01-01T00:00:01.000Z</time></trkpt>
			<trkpt lat="53.977829" lon="27.451939"><time>1970-01-01T00:00:01.000Z</time></trkpt>
			<trkpt lat="53.977743" lon="27.451939"><time>1970-01-01T00:00:01.000Z</time></trkpt>
			<trkpt lat="53.977550" lon="27.452046"><time>1970-01-01T00:00:01.000Z</time></trkpt>
			<trkpt lat="53.977056" lon="27.452625"><time>1970-01-01T00:00:01.000Z</time></trkpt>
			<trkpt lat="53.976305" lon="27.452990"><time>1970-01-01T00:00:01.000Z</time></trkpt>
			<trkpt lat="53.976220" lon="27.452990"><time>1970-01-01T00:00:01.000Z</time></trkpt>
			<trkpt lat="53.975812" lon="27.451553"><time>1970-01-01T00:00:01.000Z</time></trkpt>
			<trkpt lat="53.975983" lon="27.451402"><time>1970-01-01T00:00:01.000Z</time></trkpt>
			<trkpt lat="53.975254" lon="27.448398"><time>1970-01-01T00:00:01.000Z</time></trkpt>
			<trkpt lat="53.975275" lon="27.447926"><time>1970-01-01T00:00:01.000Z</time></trkpt>
			<trkpt lat="53.975361" lon="27.447561"><time>1970-01-01T00:00:01.000Z</time></trkpt>
			<trkpt lat="53.975533" lon="27.447347"><time>1970-01-01T00:00:01.000Z</time></trkpt>
			<trkpt lat="53.976370" lon="27.446574"><time>1970-01-01T00:00:01.000Z</time></trkpt>
			<trkpt lat="53.976692" lon="27.446145"><time>1970-01-01T00:00:01.000Z</time></trkpt>
			<trkpt lat="53.976842" lon="27.445823"><time>1970-01-01T00:00:01.000Z</time></trkpt>
			<trkpt lat="53.977486" lon="27.443978"><time>1970-01-01T00:00:01.000Z</time></trkpt>
			<trkpt lat="53.977614" lon="27.443248"><time>1970-01-01T00:00:01.000Z</time></trkpt>
			<trkpt lat="53.978601" lon="27.441103"><time>1970-01-01T00:00:01.000Z</time></trkpt>
			<trkpt lat="53.979696" lon="27.438206"><time>1970-01-01T00:00:01.000Z</time></trkpt>
			<trkpt lat="53.980447" lon="27.436532"><time>1970-01-01T00:00:01.000Z</time></trkpt>
			<trkpt lat="53.980704" lon="27.436103"><time>1970-01-01T00:00:01.000Z</time></trkpt>
			<trkpt lat="53.981584" lon="27.434837"><time>1970-01-01T00:00:01.000Z</time></trkpt>
			<trkpt lat="53.982979" lon="27.432520"><time>1970-01-01T00:00:01.000Z</time></trkpt>
			<trkpt lat="53.983215" lon="27.432262"><time>1970-01-01T00:00:01.000Z</time></trkpt>
			<trkpt lat="53.983558" lon="27.431983"><time>1970-01-01T00:00:01.000Z</time></trkpt>
			<trkpt lat="53.983858" lon="27.431833"><time>1970-01-01T00:00:01.000Z</time></trkpt>
			<trkpt lat="53.984373" lon="27.431597"><time>1970-01-01T00:00:01.000Z</time></trkpt>
			<trkpt lat="53.985146" lon="27.431318"><time>1970-01-01T00:00:01.000Z</time></trkpt>
			<trkpt lat="53.985468" lon="27.431103"><time>1970-01-01T00:00:01.000Z</time></trkpt>
			<trkpt lat="53.986112" lon="27.430417"><time>1970-01-01T00:00:01.000Z</time></trkpt>
			<trkpt lat="53.986948" lon="27.429129"><time>1970-01-01T00:00:01.000Z</time></trkpt>
			<trkpt lat="53.987506" lon="27.428421"><time>1970-01-01T00:00:01.000Z</time></trkpt>
			<trkpt lat="53.987828" lon="27.427563"><time>1970-01-01T00:00:01.000Z</time></trkpt>
			<trkpt lat="53.987828" lon="27.427155"><time>1970-01-01T00:00:01.000Z</time></trkpt>
			<trkpt lat="53.987721" lon="27.426919"><time>1970-01-01T00:00:01.000Z</time></trkpt>
			<trkpt lat="53.987270" lon="27.426490"><time>1970-01-01T00:00:01.000Z</time></trkpt>
			<trkpt lat="53.986240" lon="27.424988"><time>1970-01-01T00:00:01.000Z</time></trkpt>
			<trkpt lat="53.986133" lon="27.424688"><time>1970-01-01T00:00:01.000Z</time></trkpt>
			<trkpt lat="53.985940" lon="27.423829"><time>1970-01-01T00:00:01.000Z</time></trkpt>
			<trkpt lat="53.985747" lon="27.423486"><time>1970-01-01T00:00:01.000Z</time></trkpt>
			<trkpt lat="53.984609" lon="27.422799"><time>1970-01-01T00:00:01.000Z</time></trkpt>
			<trkpt lat="53.984373" lon="27.422756"><time>1970-01-01T00:00:01.000Z</time></trkpt>
			<trkpt lat="53.984073" lon="27.422799"><time>1970-01-01T00:00:01.000Z</time></trkpt>
			<trkpt lat="53.983429" lon="27.423100"><time>1970-01-01T00:00:01.000Z</time></trkpt>
			<trkpt lat="53.983322" lon="27.423121"><time>1970-01-01T00:00:01.000Z</time></trkpt>
			<trkpt lat="53.983107" lon="27.423078"><time>1970-01-01T00:00:01.000Z</time></trkpt>
			<trkpt lat="53.982442" lon="27.422606"><time>1970-01-01T00:00:01.000Z</time></trkpt>
			<trkpt lat="53.982099" lon="27.422499"><time>1970-01-01T00:00:01.000Z</time></trkpt>
			<trkpt lat="53.981927" lon="27.422349"><time>1970-01-01T00:00:01.000Z</time></trkpt>
			<trkpt lat="53.981648" lon="27.421705"><time>1970-01-01T00:00:01.000Z</time></trkpt>
			<trkpt lat="53.981369" lon="27.421169"><time>1970-01-01T00:00:01.000Z</time></trkpt>
			<trkpt lat="53.981176" lon="27.421018"><time>1970-01-01T00:00:01.000Z</time></trkpt>
			<trkpt lat="53.980854" lon="27.421040"><time>1970-01-01T00:00:01.000Z</time></trkpt>
			<trkpt lat="53.980382" lon="27.421211"><time>1970-01-01T00:00:01.000Z</time></trkpt>
			<trkpt lat="53.980189" lon="27.421169"><time>1970-01-01T00:00:01.000Z</time></trkpt>
			<trkpt lat="53.979910" lon="27.420997"><time>1970-01-01T00:00:01.000Z</time></trkpt>
			<trkpt lat="53.979588" lon="27.420525"><time>1970-01-01T00:00:01.000Z</time></trkpt>
			<trkpt lat="53.979309" lon="27.420267"><time>1970-01-01T00:00:01.000Z</time></trkpt>
			<trkpt lat="53.978730" lon="27.419817"><time>1970-01-01T00:00:01.000Z</time></trkpt>
			<trkpt lat="53.978558" lon="27.419731"><time>1970-01-01T00:00:01.000Z</time></trkpt>
			<trkpt lat="53.978430" lon="27.419817"><time>1970-01-01T00:00:01.000Z</time></trkpt>
			<trkpt lat="53.978129" lon="27.419903"><time>1970-01-01T00:00:01.000Z</time></trkpt>
			<trkpt lat="53.977164" lon="27.419709"><time>1970-01-01T00:00:01.000Z</time></trkpt>
			<trkpt lat="53.976971" lon="27.419581"><time>1970-01-01T00:00:01.000Z</time></trkpt>
			<trkpt lat="53.976091" lon="27.418272"><time>1970-01-01T00:00:01.000Z</time></trkpt>
			<trkpt lat="53.975876" lon="27.417886"><time>1970-01-01T00:00:01.000Z</time></trkpt>
			<trkpt lat="53.975640" lon="27.417649"><time>1970-01-01T00:00:01.000Z</time></trkpt>
			<trkpt lat="53.975104" lon="27.417242"><time>1970-01-01T00:00:01.000Z</time></trkpt>
		</trkseg>
	</trk>
</gpx>